time,side,price,qty,fee_paid,pnl,reason,regime
2024-08-02 19:00:00,buy,556.6,0.05389867049946101,0.03,0.0,BUY_MAIN,LATERAL
2024-08-02 22:00:00,sell,542.4,0.05389867049946101,0.02923463887890765,-0.7945957599712585,STOP_LOSS,LATERAL
2024-08-03 00:00:00,buy,542.9,0.055213229189907655,0.029975262127200863,0.0,BUY_MAIN,LATERAL
2024-08-03 00:00:00,sell,533.8,0.055213229189907655,0.029472821741572706,-0.5319132073697297,STOP_LOSS,LATERAL
2024-08-03 05:00:00,buy,540.7,0.05540670514724608,0.029958405473115957,0.0,BUY_MAIN,LATERAL
2024-08-03 12:00:00,buy,541.4,0.05367335529508364,0.02905875455675828,0.0,BUY_MAIN,LATERAL
2024-08-03 15:00:00,sell,532.0,0.05540670514724608,0.029476367138334913,-0.5115147019193813,STOP_LOSS,LATERAL
2024-08-03 15:00:00,sell,532.0,0.05367335529508364,0.028554225016984496,-0.5330837647907707,STOP_LOSS,LATERAL
2024-08-03 21:00:00,buy,524.4,0.05706578376108649,0.02992529700431375,0.0,BUY_MAIN,LATERAL
2024-08-04 02:00:00,buy,529.4,0.05482931684033664,0.029026640335274214,0.0,BUY_MAIN,LATERAL
2024-08-04 07:00:00,buy,528.0,0.053323807435617286,0.02815497032600593,0.0,BUY_MAIN,LATERAL
2024-08-04 12:00:00,buy,525.7,0.05194878555662158,0.027309476567115964,0.0,BUY_MAIN,LATERAL
2024-08-04 14:00:00,sell,508.6,0.05706578376108649,0.02902365762088859,-0.9306630410460528,STOP_LOSS,LATERAL
2024-08-04 14:00:00,sell,508.6,0.05482931684033664,0.027886190544995217,-1.16833598082399,STOP_LOSS,LATERAL
2024-08-04 14:00:00,sell,508.6,0.053323807435617286,0.027120488461754952,-1.061602352712729,STOP_LOSS,LATERAL
2024-08-04 14:00:00,sell,508.6,0.05194878555662158,0.02642115233409774,-0.914745385352326,STOP_LOSS,LATERAL
2024-08-04 18:00:00,buy,495.2,0.06017690652259434,0.029799604109988716,0.0,BUY_DCA(-6.11%),LATERAL
2024-08-05 00:00:00,sell,476.9,0.06017690652259434,0.02869836672062524,-1.1299357560841052,STOP_LOSS,LATERAL
2024-08-05 01:00:00,buy,477.0,0.0624000252603415,0.0297648120491829,0.0,BUY_DCA(-6.09%),LATERAL
2024-08-05 01:00:00,sell,453.0,0.0624000252603415,0.028267211442934703,-1.525867817691129,STOP_LOSS,LATERAL
2024-08-05 06:00:00,buy,433.5,0.06855396325326572,0.029718143070290692,0.0,BUY_DCA(-9.12%),LATERAL
2024-08-05 06:00:00,sell,422.8,0.06855396325326572,0.02898461566348075,-0.7625120224734232,STOP_LOSS,LATERAL
2024-08-05 11:00:00,buy,431.7,0.0687847490510178,0.029694376165324384,0.0,BUY_MAIN,LATERAL
2024-08-05 12:00:00,sell,412.8,0.0687847490510178,0.028394344408260146,-1.3284261014724947,STOP_LOSS,LATERAL
2024-08-07 18:00:00,buy,476.0,0.06229754737604042,0.02965363255099524,0.0,BUY_MAIN,LATERAL
2024-08-08 13:00:00,sell,487.2,0.06229754737604042,0.030351365081606893,0.6673811655300455,STOP_LOSS,LATERAL
2024-08-11 15:00:00,buy,520.7,0.07598172812748123,0.03956368583597949,0.0,BUY_MAIN,BULL
2024-08-11 19:00:00,buy,518.8,0.07320654559581123,0.037979555855106865,0.0,BUY_MAIN,BULL
2024-08-11 20:00:00,sell,505.9,0.07598172812748123,0.038439156259692756,-1.1629687325464246,STOP_LOSS,BULL
2024-08-11 20:00:00,sell,505.9,0.07320654559581123,0.0370351914169209,-0.9813996296028833,STOP_LOSS,BULL
2024-08-21 12:00:00,buy,555.9,0.07101063027851388,0.03947480937182586,0.0,BUY_MAIN,BULL
2024-08-21 15:00:00,buy,552.3,0.06861169292880313,0.03789423800457797,0.0,BUY_MAIN,BULL
2024-08-22 15:00:00,sell,579.8,0.07101063027851388,0.04117196343548235,1.655982100221003,STOP_LOSS,BULL
2024-08-22 15:00:00,sell,579.8,0.06861169292880313,0.039781059560120055,1.8470404959819717,STOP_LOSS,BULL
2024-08-25 10:00:00,buy,572.9,0.051857002330832964,0.029708876635334204,0.0,BUY_MAIN,LATERAL
2024-08-26 06:00:00,buy,567.5,0.05077835959466981,0.028816719069975114,0.0,BUY_MAIN,LATERAL
2024-08-26 06:00:00,sell,563.9,0.051857002330832964,0.02924216361435671,-0.49595518459184973,STOP_LOSS,LATERAL
2024-08-26 10:00:00,buy,566.3,0.067873896379601,0.03843698751976805,0.0,BUY_MAIN,BULL
2024-08-26 15:00:00,sell,558.5,0.05077835959466981,0.02835971383362309,-0.48536495018564807,STOP_LOSS,LATERAL
2024-08-26 19:00:00,sell,552.9,0.067873896379601,0.0375274773082814,-0.9470376887949286,STOP_LOSS,BULL
2024-08-28 02:00:00,buy,530.7,0.027933029040069977,0.014824058511565139,0.0,BUY_MAIN,BEAR
2024-08-28 10:00:00,sell,542.7,0.027933029040069977,0.01515925486004598,0.3200370936207939,STOP_LOSS,BEAR
2024-09-01 05:00:00,buy,525.1,0.05647928663908504,0.029657273414183553,0.0,BUY_MAIN,LATERAL
2024-09-01 10:00:00,sell,517.1,0.05647928663908504,0.029205439121070875,-0.4810397322337501,STOP_LOSS,LATERAL
2024-09-04 06:00:00,buy,508.6,0.029140731915074828,0.014820976252007059,0.0,BUY_MAIN,BEAR
2024-09-04 10:00:00,sell,498.2,0.029140731915074828,0.014517912640090279,-0.3175815245568696,STOP_LOSS,BEAR
2024-09-04 13:00:00,buy,498.7,0.029709224412462255,0.014815990214494926,0.0,BUY_MAIN,BEAR
2024-09-04 17:00:00,sell,507.2,0.029709224412462255,0.015068518622000855,0.23745988888392766,STOP_LOSS,BEAR
2024-09-06 20:00:00,buy,482.2,0.030732745485223905,0.014819329872974967,0.0,BUY_MAIN,BEAR
2024-09-06 20:00:00,sell,474.4,0.030732745485223905,0.01457961445819022,-0.2542950292429378,STOP_LOSS,BEAR
2024-09-11 05:00:00,buy,511.6,0.07722331591132775,0.03950744842023528,0.0,BUY_MAIN,BULL
2024-09-12 15:00:00,sell,535.4,0.07722331591132775,0.04134536333892488,1.796569555350672,STOP_LOSS,BULL
2024-09-16 04:00:00,buy,545.2,0.05444478756123325,0.02968329817838437,0.0,BUY_MAIN,LATERAL
2024-09-16 07:00:00,buy,546.6,0.07023273261150748,0.03838921164544999,0.0,BUY_MAIN,BULL
2024-09-16 10:00:00,buy,545.3,0.06758134533498289,0.03685210761116617,0.0,BUY_MAIN,BULL
2024-09-16 13:00:00,buy,546.9,0.06468559009401186,0.03537654922241508,0.0,BUY_MAIN,BULL
2024-09-16 15:00:00,sell,535.4,0.05444478756123325,0.02914973926028428,-0.5627086573603712,STOP_LOSS,LATERAL
2024-09-16 15:00:00,sell,535.4,0.07023273261150748,0.0376026050402011,-0.8242092102890908,STOP_LOSS,BULL
2024-09-16 15:00:00,sell,535.4,0.06468559009401186,0.03463266493633395,-0.7785169510174654,STOP_LOSS,BULL
2024-09-16 16:00:00,sell,533.0,0.06758134533498289,0.03602085706354588,-0.8672714046838337,STOP_LOSS,BULL
2024-09-25 09:00:00,buy,597.2,0.049544721963637184,0.02958810795668413,0.0,BUY_MAIN,LATERAL
2024-09-25 16:00:00,buy,593.3,0.048372791294024796,0.02869957707474491,0.0,BUY_MAIN,LATERAL
2024-09-25 17:00:00,sell,588.0,0.049544721963637184,0.029132296514618662,-0.48494373858008544,STOP_LOSS,LATERAL
2024-09-25 21:00:00,buy,589.0,0.0649933756688929,0.03828109826897792,0.0,BUY_MAIN,BULL
2024-09-26 03:00:00,buy,588.4,0.0624546619549423,0.03674832309428805,0.0,BUY_MAIN,BULL
2024-09-27 19:00:00,sell,605.5,0.048372791294024796,0.029289725128532014,0.560858328658572,STOP_LOSS,LATERAL
2024-09-29 09:00:00,buy,595.0,0.04594202225259943,0.027335503240296665,0.0,BUY_MAIN,LATERAL
2024-09-30 01:00:00,sell,581.9,0.04594202225259943,0.02673366274878761,-0.6285741542578442,STOP_LOSS,LATERAL
2024-09-30 02:00:00,sell,575.5,0.0649933756688929,0.03740368769744787,-0.914814259227505,STOP_LOSS,BULL
2024-09-30 02:00:00,sell,575.5,0.0624546619549423,0.0359426579550693,-0.8416077971738218,STOP_LOSS,BULL
2024-09-30 04:00:00,buy,578.0,0.025531155648596593,0.014757007964888831,0.0,BUY_MAIN,BEAR
2024-09-30 16:00:00,sell,570.9,0.025531155648596593,0.014575736759783794,-0.19584694186482032,STOP_LOSS,BEAR
2024-10-01 22:00:00,buy,549.8,0.02683493798770714,0.014753848905641386,0.0,BUY_MAIN,BEAR
2024-10-02 12:00:00,sell,542.3,0.02683493798770714,0.014552586870733582,-0.21581462177853794,STOP_LOSS,BEAR
2024-10-09 22:00:00,buy,570.5,0.051710395718075806,0.029500780757162247,0.0,BUY_MAIN,LATERAL
2024-10-10 04:00:00,buy,569.4,0.05025442976997658,0.028614872311024664,0.0,BUY_MAIN,LATERAL
2024-10-10 17:00:00,sell,557.2,0.051710395718075806,0.02881303249411184,-0.7165612955445191,STOP_LOSS,LATERAL
2024-10-10 17:00:00,sell,557.2,0.05025442976997658,0.02800176826783095,-0.6411058114615429,STOP_LOSS,LATERAL
2024-10-10 18:00:00,buy,557.2,0.0264342312225054,0.014729153637180008,0.0,BUY_MAIN,BEAR
2024-10-13 14:00:00,sell,566.9,0.0264342312225054,0.01498556568003831,0.24142647717826193,STOP_LOSS,BEAR
2024-10-17 15:00:00,buy,591.7,0.04979737737716114,0.02946510819406625,0.0,BUY_MAIN,LATERAL
2024-10-21 17:00:00,buy,596.7,0.06386295960001886,0.03810702799333126,0.0,BUY_MAIN,BULL
2024-10-21 21:00:00,buy,598.8,0.0610908860929831,0.03658122259247828,0.0,BUY_MAIN,BULL
2024-10-23 07:00:00,sell,584.1,0.06386295960001886,0.03730235470237102,-0.8419756456626075,STOP_LOSS,BULL
2024-10-23 07:00:00,sell,584.1,0.0610908860929831,0.03568318656691143,-0.9337192121337594,STOP_LOSS,BULL
2024-10-23 08:00:00,sell,580.4,0.04979737737716114,0.028902397829704326,-0.5916127621916303,STOP_LOSS,LATERAL
2024-10-23 10:00:00,buy,582.1,0.050491263296174566,0.029390964364703218,0.0,BUY_MAIN,LATERAL
2024-10-23 15:00:00,buy,583.7,0.04884076358545687,0.02850835370483118,0.0,BUY_MAIN,LATERAL
2024-10-25 23:00:00,buy,581.2,0.04757785244851186,0.0276522478430751,0.0,BUY_MAIN,LATERAL
2024-10-29 19:00:00,sell,603.7,0.04884076358545687,0.029485168976540316,0.9473301027325967,STOP_LOSS,LATERAL
2024-10-30 01:00:00,sell,601.8,0.050491263296174566,0.03038564225163785,0.9642922446829978,STOP_LOSS,LATERAL
2024-10-30 01:00:00,sell,601.8,0.04757785244851186,0.028632351603514437,0.9514714088358218,STOP_LOSS,LATERAL
2024-10-30 14:00:00,buy,597.6,0.049321102125859065,0.029474290630413378,0.0,BUY_MAIN,LATERAL
2024-10-31 07:00:00,sell,587.6,0.049321102125859065,0.028981079609154786,-0.5221921008677484,STOP_LOSS,LATERAL
2024-10-31 18:00:00,buy,577.2,0.025517793346039878,0.014728870319334219,0.0,BUY_MAIN,BEAR
2024-11-02 12:00:00,sell,568.3,0.025517793346039878,0.014501761958554462,-0.24161012273831162,STOP_LOSS,BEAR
2024-11-03 19:00:00,buy,550.3,0.026758177783824014,0.014725025234438353,0.0,BUY_MAIN,BEAR
2024-11-04 05:00:00,sell,558.8,0.026758177783824014,0.014952469745600858,0.21249204141690292,STOP_LOSS,BEAR
2024-11-12 14:00:00,buy,623.12,0.047271767042242556,0.029455983479362183,0.0,BUY_MAIN,LATERAL
2024-11-13 03:00:00,sell,606.1,0.047271767042242556,0.028651418004303215,-0.8332168930632733,STOP_LOSS,LATERAL
2024-11-15 05:00:00,buy,611.84,0.048100979493112414,0.0294301032930659,0.0,BUY_MAIN,LATERAL
2024-11-16 13:00:00,sell,625.34,0.048100979493112414,0.030079466516222918,0.6192837566407938,STOP_LOSS,LATERAL
2024-11-19 14:00:00,buy,612.95,0.04804274231612094,0.02944779890266633,0.0,BUY_MAIN,LATERAL
2024-11-21 02:00:00,sell,599.6,0.04804274231612094,0.02880642829274612,-0.6701770382129588,STOP_LOSS,LATERAL
2024-11-24 16:00:00,buy,642.42,0.04580618622949608,0.02942681015755287,0.0,BUY_MAIN,LATERAL
2024-11-25 11:00:00,sell,664.01,0.04580618622949608,0.03041576571824769,0.9585397949765699,STOP_LOSS,LATERAL
2024-11-26 01:00:00,buy,639.6,0.06140230049426191,0.03927291139612992,0.0,BUY_MAIN,BULL
2024-11-26 04:00:00,buy,642.79,0.05865122983218295,0.03770042402382887,0.0,BUY_MAIN,BULL
2024-11-26 08:00:00,sell,627.84,0.05865122983218295,0.036823588137837746,-0.9136594741289628,STOP_LOSS,BULL
2024-11-26 10:00:00,sell,620.21,0.06140230049426191,0.03808232078954618,-1.2286729273732888,STOP_LOSS,BULL
2024-12-01 03:00:00,buy,647.27,0.04540316154771543,0.029388104374989767,0.0,BUY_MAIN,LATERAL
2024-12-02 08:00:00,sell,633.27,0.04540316154771543,0.028752460113321755,-0.6643967217813334,STOP_LOSS,LATERAL
2024-12-02 10:00:00,buy,639.64,0.04591221754456425,0.02936729083020508,0.0,BUY_MAIN,LATERAL
2024-12-02 17:00:00,sell,629.67,0.04591221754456425,0.02890954602128577,-0.48665435494059395,STOP_LOSS,LATERAL
2024-12-02 18:00:00,buy,629.67,0.04661459205747765,0.029351810180831953,0.0,BUY_MAIN,LATERAL
2024-12-03 01:00:00,sell,648.17,0.04661459205747765,0.030214180133895287,0.8321557729294398,STOP_LOSS,LATERAL
2024-12-04 17:00:00,buy,731.73,0.053527748030401764,0.039167859066285886,0.0,BUY_DCA(-6.44%),BULL
2024-12-05 01:00:00,sell,702.76,0.053527748030401764,0.03761716020584514,-1.5883160206465874,STOP_LOSS,BULL
2024-12-05 04:00:00,buy,714.3,0.05474276874016152,0.03910275971109737,0.0,BUY_MAIN,BULL
2024-12-08 05:00:00,sell,745.86,0.05474276874016152,0.040830441492536874,1.686851339946962,STOP_LOSS,BULL
2024-12-09 05:00:00,buy,724.19,0.05408617856406026,0.039168669654306806,0.0,BUY_MAIN,BULL
2024-12-09 08:00:00,sell,708.45,0.05408617856406026,0.03831735320370849,-0.8896338038020204,STOP_LOSS,BULL
2024-12-09 10:00:00,buy,713.81,0.05482063512050623,0.03913151755536855,0.0,BUY_MAIN,BULL
2024-12-09 20:00:00,buy,717.34,0.05236664844069979,0.03756469159245159,0.0,BUY_MAIN,BULL
2024-12-09 20:00:00,sell,697.9,0.05482063512050623,0.038259321250601296,-0.9104556260178498,STOP_LOSS,BULL
2024-12-09 20:00:00,sell,697.9,0.05236664844069979,0.036546683946764386,-1.054554329633973,STOP_LOSS,BULL
2024-12-10 16:00:00,buy,657.4,0.022275165030105275,0.014643693490791207,0.0,BUY_DCA(-6.31%),BEAR
2024-12-10 17:00:00,sell,650.88,0.022275165030105275,0.014498459414794922,-0.1597325354110808,STOP_LOSS,BEAR
2024-12-14 22:00:00,buy,711.43,0.054879431932334154,0.03904287425962048,0.0,BUY_MAIN,BULL
2024-12-18 07:00:00,buy,708.98,0.03964808341659702,0.028109698180698958,0.0,BUY_MAIN,LATERAL
2024-12-18 20:00:00,sell,695.42,0.054879431932334154,0.03816425455438382,-0.9167839597910472,STOP_LOSS,BULL
2024-12-18 20:00:00,sell,695.42,0.03964808341659702,0.027572070169569897,-0.5652000812986273,STOP_LOSS,LATERAL
2024-12-19 00:00:00,buy,686.39,0.02129669837578451,0.01461784079815473,0.0,BUY_MAIN,BEAR
2024-12-19 14:00:00,sell,694.34,0.02129669837578451,0.014787149550242218,0.15452160253724578,STOP_LOSS,BEAR
2024-12-19 20:00:00,buy,658.9,0.022188403937745963,0.014619939354580815,0.0,BUY_DCA(-5.11%),BEAR
2024-12-19 23:00:00,sell,665.62,0.022188403937745963,0.014769045429042468,0.13433702903260958,STOP_LOSS,BEAR
2024-12-20 11:00:00,buy,633.02,0.023098377793633672,0.014621735110925987,0.0,BUY_DCA(-5.55%),BEAR
2024-12-20 11:00:00,sell,620.25,0.023098377793633672,0.014326768826501284,-0.3092930532512046,STOP_LOSS,BEAR
2024-12-21 17:00:00,buy,662.6,0.04411975970148069,0.029233752778201106,0.0,BUY_MAIN,LATERAL
2024-12-22 14:00:00,sell,652.34,0.04411975970148069,0.028781084043663915,-0.481449818580856,STOP_LOSS,LATERAL
2024-12-26 13:00:00,buy,684.21,0.04270389539916156,0.02921843227106033,0.0,BUY_MAIN,LATERAL
2024-12-27 14:00:00,sell,695.63,0.04270389539916156,0.029706110756518755,0.45797237470190666,STOP_LOSS,LATERAL
2024-12-30 00:00:00,buy,694.71,0.021038487202813587,0.014615647444666629,0.0,BUY_MAIN,BEAR
2024-12-30 07:00:00,buy,699.88,0.05485204510596087,0.0383898493287599,0.0,BUY_MAIN,BULL
2024-12-30 21:00:00,sell,695.85,0.021038487202813587,0.014639631320077834,0.009344244091128218,STOP_LOSS,BEAR
2025-01-05 13:00:00,buy,707.31,0.052929718835003976,0.03743771942918666,0.0,BUY_MAIN,BULL
2025-01-05 16:00:00,buy,708.06,0.05075659286394094,0.03593871314324202,0.0,BUY_MAIN,BULL
2025-01-06 23:00:00,sell,729.42,0.05485204510596087,0.04001017874118998,1.5803192336888898,STOP_LOSS,BULL
2025-01-07 21:00:00,sell,691.85,0.052929718835003976,0.0366194259759975,-0.8549128791651555,STOP_LOSS,BULL
2025-01-07 21:00:00,sell,691.85,0.05075659286394094,0.03511594877291754,-0.8578803190973971,STOP_LOSS,BULL
2025-01-07 23:00:00,buy,696.62,0.02097543103832678,0.014611904769919202,0.0,BUY_MAIN,BEAR
2025-01-08 06:00:00,sell,682.51,0.02097543103832678,0.014315941437968408,-0.3102792733887618,STOP_LOSS,BEAR
2025-01-12 09:00:00,buy,692.33,0.042196731045157136,0.029214062804493644,0.0,BUY_MAIN,LATERAL
2025-01-13 06:00:00,sell,679.02,0.042196731045157136,0.0286524243142826,-0.5902909145253297,STOP_LOSS,LATERAL
2025-01-13 08:00:00,buy,682.73,0.04276284571525163,0.029195477655173746,0.0,BUY_MAIN,LATERAL
2025-01-13 10:00:00,sell,667.47,0.04276284571525163,0.028542916629559007,-0.6811039422442988,STOP_LOSS,LATERAL
2025-01-15 13:00:00,buy,690.08,0.0422765022498504,0.029174168672576765,0.0,BUY_MAIN,LATERAL
2025-01-16 08:00:00,sell,705.12,0.0422765022498504,0.02981000726641451,0.6060285865713304,STOP_LOSS,LATERAL
2025-01-18 07:00:00,buy,704.44,0.04143926282595214,0.029191474305113728,0.0,BUY_MAIN,LATERAL
2025-01-19 08:00:00,sell,691.46,0.04143926282595214,0.028653592673632867,-0.5665352241544923,STOP_LOSS,LATERAL
2025-01-23 06:00:00,buy,686.58,0.042491191855515656,0.029173602504159943,0.0,BUY_MAIN,LATERAL
2025-01-26 22:00:00,sell,673.64,0.042491191855515656,0.028623766481549566,-0.578459789091923,STOP_LOSS,LATERAL
2025-01-27 04:00:00,buy,661.8,0.0220273296331309,0.014577686751206029,0.0,BUY_MAIN,BEAR
2025-01-27 05:00:00,sell,653.56,0.0220273296331309,0.014396181555029029,-0.19590137773202798,STOP_LOSS,BEAR
2025-01-27 11:00:00,buy,646.15,0.022555953826880415,0.01457452956523878,0.0,BUY_MAIN,BEAR
2025-01-27 16:00:00,sell,661.54,0.022555953826880415,0.014921665694634469,0.3322144637010531,STOP_LOSS,BEAR
2025-01-28 23:00:00,buy,664.48,0.04388181484544551,0.029158588328501635,0.0,BUY_MAIN,LATERAL
2025-01-31 18:00:00,sell,677.74,0.04388181484544551,0.02974046119335224,0.5521324036572537,STOP_LOSS,LATERAL
2025-02-01 11:00:00,buy,669.08,0.043603571386024824,0.02917427754296149,0.0,BUY_MAIN,LATERAL
2025-02-01 21:00:00,sell,658.25,0.043603571386024824,0.02870205086485084,-0.5009287289755022,STOP_LOSS,LATERAL
2025-02-02 19:00:00,buy,615.13,0.023700985525633555,0.014579187226382968,0.0,BUY_DCA(-5.30%),BEAR
2025-02-03 00:00:00,sell,603.9,0.023700985525633555,0.014313025158930104,-0.2804750926117965,STOP_LOSS,BEAR
2025-02-03 02:00:00,buy,550.08,0.02649571228218694,0.014574761412185394,0.0,BUY_DCA(-11.50%),BEAR
2025-02-03 02:00:00,sell,542.17,0.02649571228218694,0.014365180328033293,-0.22394626448013355,STOP_LOSS,BEAR
2025-02-04 06:00:00,buy,575.92,0.0253007077316242,0.014571183596797009,0.0,BUY_DCA(-6.28%),BEAR
2025-02-04 07:00:00,sell,568.88,0.0253007077316242,0.014393066614366377,-0.19251004904499958,STOP_LOSS,BEAR
2025-02-13 17:00:00,buy,669.84,0.057996247375721094,0.03884820634215302,0.0,BUY_DCA(-5.74%),BULL
2025-02-13 21:00:00,buy,672.32,0.05546871156623812,0.03729272416021322,0.0,BUY_MAIN,BULL
2025-02-14 22:00:00,sell,653.3,0.057996247375721094,0.03788894841055859,-0.9971468800049905,STOP_LOSS,BULL
2025-02-14 22:00:00,sell,653.3,0.05546871156623812,0.03623770926622336,-1.0912526032560805,STOP_LOSS,BULL
2025-02-15 01:00:00,buy,655.44,0.044353744880083396,0.029071218544201863,0.0,BUY_MAIN,LATERAL
2025-02-16 16:00:00,sell,675.18,0.044353744880083396,0.029946761468134707,0.8455961624647088,STOP_LOSS,LATERAL
2025-02-24 23:00:00,buy,612.87,0.023737264258749387,0.014547857146259738,0.0,BUY_MAIN,BEAR
2025-02-25 04:00:00,sell,604.88,0.023737264258749387,0.01435819640483233,-0.2040189378322399,STOP_LOSS,BEAR
2025-02-25 08:00:00,buy,599.41,0.024264824818296424,0.01454457864433506,0.0,BUY_MAIN,BEAR
2025-02-25 14:00:00,sell,605.6,0.024264824818296424,0.014694777909960316,0.13550448771529489,STOP_LOSS,BEAR
2025-02-27 17:00:00,buy,602.88,0.04825634634743605,0.02909278608594225,0.0,BUY_MAIN,LATERAL
2025-02-28 01:00:00,sell,587.92,0.04825634634743605,0.028370871144584604,-0.7502858125022307,STOP_LOSS,LATERAL
2025-02-28 04:00:00,buy,573.03,0.025364644720158282,0.014534702363992302,0.0,BUY_DCA(-5.54%),BEAR
2025-03-02 13:00:00,sell,605.92,0.025364644720158282,0.015368945528838305,0.8188742193171663,STOP_LOSS,BEAR
2025-03-09 04:00:00,buy,588.42,0.049443484098931366,0.029093534913493195,0.0,BUY_MAIN,LATERAL
2025-03-09 10:00:00,sell,576.55,0.049443484098931366,0.02850664075723888,-0.6154007970115565,STOP_LOSS,LATERAL
2025-03-09 12:00:00,buy,578.26,0.025139383740476123,0.014537100041767722,0.0,BUY_MAIN,BEAR
2025-03-09 13:00:00,sell,569.28,0.025139383740476123,0.014311348375778247,-0.2400630143652549,STOP_LOSS,BEAR
2025-03-09 19:00:00,buy,555.13,0.02617995972123938,0.014533281040051619,0.0,BUY_MAIN,BEAR
2025-03-10 13:00:00,sell,557.3,0.02617995972123938,0.014590091552646706,0.04222042104244039,STOP_LOSS,BEAR
2025-03-10 18:00:00,buy,535.59,0.02713586203467513,0.014533696347151655,0.0,BUY_DCA(-5.46%),BEAR
2025-03-10 18:00:00,sell,526.19,0.02713586203467513,0.014278619244025709,-0.26935572236997096,STOP_LOSS,BEAR
2025-03-16 13:00:00,buy,600.14,0.06456021597569854,0.03874516801565572,0.0,BUY_MAIN,BULL
2025-03-17 13:00:00,sell,626.17,0.06456021597569854,0.04042567043750315,1.6400767514099286,STOP_LOSS,BULL
2025-03-19 07:00:00,buy,616.6,0.04720550755634709,0.029106915959243616,0.0,BUY_MAIN,LATERAL
2025-03-19 15:00:00,buy,612.7,0.061439171477041574,0.03764378036398337,0.0,BUY_MAIN,BULL
2025-03-19 18:00:00,buy,612.63,0.0589858860947219,0.036136523398209476,0.0,BUY_MAIN,BULL
2025-03-22 04:00:00,sell,629.98,0.04720550755634709,0.02973852565034754,0.6018711654535771,STOP_LOSS,LATERAL
2025-03-22 15:00:00,buy,624.61,0.04308044438089335,0.026908476364749797,0.0,BUY_MAIN,LATERAL
2025-03-22 18:00:00,buy,626.64,0.05553516068665978,0.03480055309268848,0.0,BUY_MAIN,BULL
2025-03-22 22:00:00,buy,625.86,0.05337797422244149,0.033407138946857234,0.0,BUY_MAIN,BULL
2025-03-29 02:00:00,sell,612.44,0.04308044438089335,0.026384187356634326,-0.550673195472104,STOP_LOSS,LATERAL
2025-03-29 02:00:00,sell,612.44,0.05553516068665978,0.03401195381093792,-0.822611235561503,STOP_LOSS,BULL
2025-03-29 02:00:00,sell,612.44,0.05337797422244149,0.03269080653279207,-0.7490232205979552,STOP_LOSS,BULL
2025-03-29 08:00:00,buy,607.79,0.02208160191032159,0.013420976825074359,0.0,BUY_MAIN,BEAR
2025-03-30 16:00:00,sell,600.2,0.061439171477041574,0.03687579072052036,-0.8048654341835402,STOP_LOSS,BULL
2025-03-30 16:00:00,sell,600.2,0.0589858860947219,0.03540332883405208,-0.7685978929914441,STOP_LOSS,BULL
2025-03-30 16:00:00,sell,600.2,0.02208160191032159,0.013253377466575022,-0.180852735965912,STOP_LOSS,BEAR
2025-04-02 05:00:00,buy,600.6,0.048288928824201674,0.02900233065181553,0.0,BUY_MAIN,LATERAL
2025-04-02 22:00:00,sell,587.09,0.048288928824201674,0.028349947223400562,-0.6807333756383649,STOP_LOSS,LATERAL
2025-04-03 16:00:00,buy,586.25,0.049434607386996704,0.02898103858062682,0.0,BUY_MAIN,LATERAL
2025-04-06 13:00:00,buy,585.7,0.023997556762891066,0.014055368996025299,0.0,BUY_MAIN,BEAR
2025-04-06 16:00:00,sell,574.78,0.049434607386996704,0.028414023633897965,-0.5954289703627502,STOP_LOSS,LATERAL
2025-04-06 16:00:00,sell,574.78,0.023997556762891066,0.013793315676174527,-0.275846635526948,STOP_LOSS,BEAR
2025-04-06 20:00:00,buy,558.8,0.025906951700270967,0.014476804610111416,0.0,BUY_MAIN,BEAR
2025-04-06 20:00:00,sell,551.87,0.025906951700270967,0.014297269434828539,-0.1938324447177049,STOP_LOSS,BEAR
2025-04-07 04:00:00,buy,550.17,0.026307650310579456,0.014473679971371499,0.0,BUY_MAIN,BEAR
2025-04-07 06:00:00,sell,522.27,0.026307650310579456,0.013739696527706333,-0.7477231401928712,STOP_LOSS,BEAR
2025-04-13 15:00:00,buy,585.28,0.06589323409453726,0.03856599205085077,0.0,BUY_MAIN,BULL
2025-04-13 19:00:00,buy,586.44,0.0631297485320488,0.03702180972913469,0.0,BUY_MAIN,BULL
2025-04-14 00:00:00,buy,584.29,0.06082502946752494,0.035539456467580145,0.0,BUY_MAIN,BULL
2025-04-15 19:00:00,buy,583.66,0.04383946556722009,0.025587342472963678,0.0,BUY_MAIN,LATERAL
2025-04-16 00:00:00,buy,579.52,0.042826743819886416,0.024818954578500575,0.0,BUY_MAIN,LATERAL
2025-04-21 17:00:00,sell,596.25,0.04383946556722009,0.02613928134445498,0.5257995901468462,STOP_LOSS,LATERAL
2025-04-21 17:00:00,sell,596.25,0.042826743819886416,0.025535446002607275,0.6909559781040961,STOP_LOSS,LATERAL
2025-04-21 21:00:00,buy,596.5,0.05727260788175394,0.03416311060146622,0.0,BUY_MAIN,BULL
2025-04-23 09:00:00,sell,611.9,0.06589323409453726,0.04032006994244735,1.7137578216541343,STOP_LOSS,BULL
2025-04-23 09:00:00,sell,611.9,0.0631297485320488,0.03862909312676066,1.568654304499205,STOP_LOSS,BULL
2025-04-23 14:00:00,buy,607.83,0.059144873088246806,0.03595002820922906,0.0,BUY_MAIN,BULL
2025-04-23 14:00:00,sell,607.43,0.06082502946752494,0.036946947649458675,1.3705442342290652,STOP_LOSS,BULL
2025-04-23 17:00:00,buy,607.34,0.05925344799915023,0.0359869891078039,0.0,BUY_MAIN,BULL
2025-04-23 21:00:00,buy,603.71,0.05722295483581095,0.03454607006392743,0.0,BUY_MAIN,BULL
2025-04-24 00:00:00,buy,605.72,0.05474946413948321,0.03316284541856777,0.0,BUY_MAIN,BULL
2025-04-24 08:00:00,sell,594.71,0.059144873088246806,0.03517404747431126,-0.8111547823921157,STOP_LOSS,BULL
2025-04-24 08:00:00,sell,594.71,0.05925344799915023,0.035238618059574636,-0.7836096662888394,STOP_LOSS,BULL
2025-04-24 15:00:00,buy,598.26,0.057915781103103005,0.034648695202742406,0.0,BUY_MAIN,BULL
2025-04-24 20:00:00,buy,598.95,0.05553278478474763,0.033261361446824594,0.0,BUY_MAIN,BULL
2025-04-30 13:00:00,sell,592.21,0.05474946413948321,0.03242318015804335,-0.7720884406824595,STOP_LOSS,BULL
2025-05-04 13:00:00,sell,590.27,0.05722295483581095,0.03377699355093413,-0.8028535065442384,STOP_LOSS,BULL
2025-05-04 17:00:00,sell,586.88,0.05553278478474763,0.03259108073447269,-0.7028717930863735,STOP_LOSS,BULL
2025-05-04 19:00:00,buy,588.5,0.022861475188224723,0.013453978148270249,0.0,BUY_MAIN,BEAR
2025-05-04 23:00:00,sell,586.03,0.057915781103103005,0.03394038519985146,-0.7422503880907954,STOP_LOSS,BULL
2025-05-06 21:00:00,sell,597.55,0.022861475188224723,0.013660874498723682,0.1932354759547099,STOP_LOSS,BEAR
2025-05-10 04:00:00,sell,658.32,0.05727260788175394,0.037703703220716256,3.5028889160293204,STOP_LOSS,BULL
2025-05-15 02:00:00,buy,646.62,0.04494219645454688,0.029060523071439106,0.0,BUY_MAIN,LATERAL
2025-05-16 22:00:00,buy,646.71,0.04358651569266563,0.028187835563603793,0.0,BUY_MAIN,LATERAL
2025-05-19 04:00:00,sell,636.21,0.04494219645454688,0.028592674806347276,-0.4964409398981786,STOP_LOSS,LATERAL
2025-05-19 04:00:00,sell,636.21,0.04358651569266563,0.027730177148830807,-0.48538859192182215,STOP_LOSS,LATERAL
2025-05-23 15:00:00,buy,673.1,0.057503789896945386,0.03870580097963394,0.0,BUY_MAIN,BULL
2025-05-23 23:00:00,sell,656.98,0.057503789896945386,0.03777883988649518,-0.9647399330252568,STOP_LOSS,BULL
2025-05-24 02:00:00,buy,660.36,0.058552400433511634,0.03866566315027375,0.0,BUY_MAIN,BULL
2025-05-25 02:00:00,buy,663.7,0.05592510169916646,0.037117489997736786,0.0,BUY_MAIN,BULL
2025-05-25 05:00:00,buy,666.29,0.05347717315017095,0.0356313056982274,0.0,BUY_MAIN,BULL
2025-05-29 21:00:00,buy,677.08,0.03788839009209071,0.02565347116355278,0.0,BUY_MAIN,LATERAL
2025-05-30 16:00:00,sell,661.58,0.03788839009209071,0.025066201117125375,-0.6123362475445298,STOP_LOSS,LATERAL
2025-05-31 00:00:00,sell,650.35,0.05592510169916646,0.03637088989005291,-0.7829709975739263,STOP_LOSS,BULL
2025-05-31 00:00:00,sell,650.35,0.05347717315017095,0.034778879558213675,-0.8872050195719368,STOP_LOSS,BULL
2025-05-31 04:00:00,buy,650.69,0.021336343006928098,0.013883345031178046,0.0,BUY_MAIN,BEAR
2025-06-03 04:00:00,sell,666.85,0.021336343006928098,0.014228140334170003,0.3305671626577862,STOP_LOSS,BEAR
2025-06-04 23:00:00,buy,662.82,0.04190608396983327,0.027776190576884893,0.0,BUY_MAIN,LATERAL
2025-06-05 18:00:00,sell,650.6,0.04190608396983327,0.02726409823077353,-0.5393564443421397,STOP_LOSS,LATERAL
2025-06-05 19:00:00,sell,644.49,0.058552400433511634,0.03773643655539392,-0.9669630314352204,STOP_LOSS,BULL
2025-06-05 21:00:00,buy,625.94,0.02307740166901178,0.014445068800701236,0.0,BUY_DCA(-5.06%),BEAR
2025-06-06 23:00:00,sell,642.7,0.02307740166901178,0.014831846052673873,0.3719454059199627,STOP_LOSS,BEAR
2025-06-12 16:00:00,buy,660.2,0.04377592034461686,0.028900862611516056,0.0,BUY_MAIN,LATERAL
2025-06-13 00:00:00,sell,647.7,0.04377592034461686,0.02835366360720834,-0.5755526679149234,STOP_LOSS,LATERAL
2025-06-13 01:00:00,buy,647.7,0.02229637872904142,0.01444136450280013,0.0,BUY_MAIN,BEAR
2025-06-14 20:00:00,buy,640.73,0.022200501638428953,0.014224527414790585,0.0,BUY_MAIN,BEAR
2025-06-17 15:00:00,sell,646.28,0.022200501638428953,0.014347740198883864,0.10886504389439544,STOP_LOSS,BEAR
2025-06-17 18:00:00,buy,642.4,0.0442899969568424,0.02845189404507556,0.0,BUY_MAIN,LATERAL
2025-06-17 23:00:00,buy,645.73,0.042738425761389344,0.027597483666901942,0.0,BUY_MAIN,LATERAL
2025-06-18 16:00:00,buy,642.32,0.04167507042032768,0.026768731232384876,0.0,BUY_MAIN,LATERAL
2025-06-18 18:00:00,sell,638.7,0.02229637872904142,0.014240697094238756,-0.2149081056556117,STOP_LOSS,BEAR
2025-06-21 14:00:00,sell,636.0,0.042738425761389344,0.027181638784243626,-0.44302652144255816,STOP_LOSS,LATERAL
2025-06-21 17:00:00,sell,632.69,0.0442899969568424,0.028021838174624624,-0.4580777086255594,STOP_LOSS,LATERAL
2025-06-21 18:00:00,sell,631.64,0.04167507042032768,0.026323641480295774,-0.4714133935693994,STOP_LOSS,LATERAL
2025-06-21 22:00:00,buy,625.01,0.023067653049561158,0.014417513832506218,0.0,BUY_MAIN,BEAR
2025-06-22 13:00:00,sell,616.41,0.023067653049561158,0.014219132016279994,-0.21260094824250508,STOP_LOSS,BEAR
2025-06-22 18:00:00,buy,610.61,0.02360608007660388,0.014414108555575096,0.0,BUY_MAIN,BEAR
2025-06-23 10:00:00,sell,618.62,0.02360608007660388,0.014603193256988693,0.17448150815660846,STOP_LOSS,BEAR
2025-07-01 18:00:00,buy,646.36,0.02230414871986062,0.01441650956656911,0.0,BUY_MAIN,BEAR
2025-07-04 15:00:00,sell,652.78,0.02230414871986062,0.014559702201350614,0.12863293258015318,STOP_LOSS,BEAR
2025-07-04 18:00:00,buy,653.38,0.0588456857690341,0.0384485941677715,0.0,BUY_MAIN,BULL
2025-07-04 23:00:00,buy,654.07,0.056429911870738494,0.03690911245729393,0.0,BUY_MAIN,BULL
2025-07-11 22:00:00,sell,686.21,0.0588456857690341,0.040380498031568894,1.8915233657658206,STOP_LOSS,BULL
2025-07-11 22:00:00,sell,686.21,0.056429911870738494,0.03872276982481947,1.7749345977007138,STOP_LOSS,BULL
2025-07-12 19:00:00,buy,685.92,0.05626346830249178,0.038592238178045156,0.0,BUY_MAIN,BULL
2025-07-14 21:00:00,buy,690.98,0.053615162466925576,0.037047004961396235,0.0,BUY_MAIN,BULL
2025-07-15 05:00:00,buy,682.56,0.05210332114794587,0.035563642882741935,0.0,BUY_MAIN,BULL
2025-07-15 09:00:00,sell,676.6,0.053615162466925576,0.03627601892512185,-0.8072620551995087,STOP_LOSS,BULL
2025-07-15 12:00:00,buy,680.49,0.052299467057509756,0.03558926433796481,0.0,BUY_MAIN,BULL
2025-07-17 03:00:00,sell,709.62,0.05210332114794587,0.03697355875300535,1.372942311510414,STOP_LOSS,BULL
2025-07-17 03:00:00,sell,709.62,0.052299467057509756,0.037112747813350076,1.4863707275719094,STOP_LOSS,BULL
2025-07-18 08:00:00,sell,735.87,0.05626346830249178,0.041402598419754626,2.76895764328971,STOP_LOSS,BULL
2025-07-23 17:00:00,buy,765.77,0.03798060139185165,0.029084405127838237,0.0,BUY_MAIN,LATERAL
2025-07-24 05:00:00,sell,751.58,0.03798060139185165,0.028545460394087865,-0.5674901941444617,STOP_LOSS,LATERAL
2025-07-24 11:00:00,buy,762.97,0.0507953705298331,0.038755343853146766,0.0,BUY_MAIN,BULL
2025-07-25 07:00:00,buy,761.81,0.04883577254862336,0.03720357988526676,0.0,BUY_MAIN,BULL
2025-07-28 14:00:00,sell,832.86,0.0507953705298331,0.0423054322994768,3.507783014030558,STOP_LOSS,BULL
2025-07-28 14:00:00,sell,832.86,0.04883577254862336,0.040673361524846456,3.429108278054848,STOP_LOSS,BULL
2025-07-28 22:00:00,buy,825.65,0.047271581357573596,0.039029781147880645,0.0,BUY_MAIN,BULL
2025-07-29 02:00:00,buy,826.4,0.04533764364801489,0.037467028710719504,0.0,BUY_MAIN,BULL
2025-07-29 15:00:00,sell,805.28,0.047271581357573596,0.038066859035626864,-1.0009889712894022,STOP_LOSS,BULL
2025-07-29 15:00:00,sell,805.28,0.04533764364801489,0.03650949767687343,-0.9940405315229484,STOP_LOSS,BULL
2025-07-29 18:00:00,buy,815.49,0.04775891806812322,0.03894692009537381,0.0,BUY_MAIN,BULL
2025-07-29 23:00:00,buy,806.25,0.04637207493302951,0.03738748541475504,0.0,BUY_MAIN,BULL
2025-07-30 02:00:00,buy,808.57,0.044387610842287296,0.03589049049874824,0.0,BUY_MAIN,BULL
2025-07-30 08:00:00,buy,800.45,0.0430425826212485,0.034453435259178364,0.0,BUY_MAIN,BULL
2025-07-30 10:00:00,sell,794.2,0.04775891806812322,0.03793013272970347,-1.054717498400045,STOP_LOSS,BULL
2025-07-30 11:00:00,sell,788.52,0.04637207493302951,0.03656530852619243,-0.8587421970888087,STOP_LOSS,BULL
2025-07-30 11:00:00,sell,788.52,0.044387610842287296,0.03500051890136038,-0.9249721162892257,STOP_LOSS,BULL
2025-07-30 12:00:00,sell,782.61,0.0430425826212485,0.03368555558521529,-0.801565229548288,STOP_LOSS,BULL
2025-07-30 15:00:00,buy,795.47,0.04877047918899523,0.038795453080470034,0.0,BUY_MAIN,BULL
2025-08-01 05:00:00,sell,777.51,0.04877047918899523,0.03791953527423568,-0.9138373415085894,STOP_LOSS,BULL
2025-08-05 17:00:00,buy,751.2,0.03869543507257035,0.02906801082651485,0.0,BUY_MAIN,LATERAL
2025-08-09 21:00:00,sell,802.44,0.03869543507257035,0.031050764919633357,1.951703328198871,STOP_LOSS,LATERAL
2025-08-10 14:00:00,buy,797.5,0.04869498831521174,0.03883425318138137,0.0,BUY_MAIN,BULL
2025-08-13 15:00:00,sell,841.44,0.04869498831521174,0.04097391096795177,2.098683875602454,STOP_LOSS,BULL
2025-08-14 20:00:00,buy,838.11,0.0464338179550157,0.03891664716627821,0.0,BUY_MAIN,BULL
2025-08-15 15:00:00,sell,818.65,0.0464338179550157,0.038013045068873604,-0.9416151424734807,STOP_LOSS,BULL
2025-08-15 18:00:00,buy,824.47,0.04715444575872089,0.03887742589469261,0.0,BUY_MAIN,BULL
2025-08-15 21:00:00,buy,826.36,0.04516285125353251,0.037320773761869125,0.0,BUY_MAIN,BULL
2025-08-16 00:00:00,buy,827.8,0.04327911328877009,0.03582644998044388,0.0,BUY_MAIN,BULL
2025-08-18 06:00:00,buy,835.36,0.041170224721349964,0.03439195892322691,0.0,BUY_MAIN,BULL
2025-08-18 09:00:00,buy,831.78,0.03969187151403124,0.0330149048879409,0.0,BUY_MAIN,BULL
2025-08-21 02:00:00,sell,869.04,0.04715444575872089,0.0409790995421588,2.0606945479240295,STOP_LOSS,BULL
2025-08-21 02:00:00,sell,869.04,0.04516285125353251,0.039248324253369896,1.8883021672473959,STOP_LOSS,BULL
2025-08-21 03:00:00,sell,866.21,0.041170224721349964,0.03566206035588056,1.2344393722977642,STOP_LOSS,BULL
2025-08-21 03:00:00,sell,866.21,0.03969187151403124,0.034381496024169005,1.332209640203935,STOP_LOSS,BULL
2025-08-21 04:00:00,sell,863.78,0.04327911328877009,0.03738363247657383,1.5197988636533708,STOP_LOSS,BULL
2025-08-21 16:00:00,buy,841.84,0.03491607646744727,0.029393749813355814,0.0,BUY_MAIN,LATERAL
2025-08-23 02:00:00,sell,884.03,0.03491607646744727,0.030866859079517413,1.4422424070820803,STOP_LOSS,LATERAL
2025-08-24 14:00:00,buy,863.08,0.045474556662300714,0.0392481803640985,0.0,BUY_MAIN,BULL
2025-08-25 11:00:00,buy,851.82,0.033173102787842496,0.028257512416739995,0.0,BUY_MAIN,LATERAL
2025-08-25 20:00:00,sell,837.87,0.045474556662300714,0.038101766790641894,-1.1845153402472448,STOP_LOSS,BULL
2025-08-25 20:00:00,sell,837.87,0.033173102787842496,0.027794747632849594,-0.49055953152325316,STOP_LOSS,LATERAL
2025-08-26 00:00:00,buy,839.32,0.03500912388140082,0.029383857856137337,0.0,BUY_MAIN,LATERAL
2025-08-27 07:00:00,sell,857.32,0.03500912388140082,0.030014022086002554,0.6001502077792118,STOP_LOSS,LATERAL
2025-08-29 10:00:00,buy,856.2,0.0343389171299171,0.029400980846635023,0.0,BUY_MAIN,LATERAL
2025-09-01 21:00:00,buy,845.68,0.03372205726966533,0.028518069391810577,0.0,BUY_MAIN,LATERAL
2025-09-02 12:00:00,sell,841.36,0.0343389171299171,0.028891391316427054,-0.5384809215243962,STOP_LOSS,LATERAL
2025-09-04 08:00:00,buy,847.7,0.03365288045974734,0.028527546765727826,0.0,BUY_MAIN,LATERAL
2025-09-04 14:00:00,buy,847.84,0.03263689438614953,0.02767086453635302,0.0,BUY_MAIN,LATERAL
2025-09-08 05:00:00,sell,874.72,0.03372205726966533,0.02949735793492166,0.94979118517616,STOP_LOSS,LATERAL
2025-09-08 05:00:00,sell,874.72,0.03365288045974734,0.029436847595750194,0.8798639824266203,STOP_LOSS,LATERAL
2025-09-08 05:00:00,sell,874.72,0.03263689438614953,0.028548144257452716,0.8487315768422441,STOP_LOSS,LATERAL
2025-09-15 12:00:00,buy,920.11,0.04269309031525423,0.03928233932996857,0.0,BUY_MAIN,BULL
2025-09-15 18:00:00,buy,919.7,0.04100192939349421,0.03770947446319663,0.0,BUY_MAIN,BULL
2025-09-18 23:00:00,sell,981.04,0.04269309031525423,0.04188362932287701,2.559406363585559,STOP_LOSS,BULL
2025-09-18 23:00:00,sell,981.04,0.04100192939349421,0.04022453281219356,2.4748338161847343,STOP_LOSS,BULL
2025-09-19 20:00:00,buy,978.3,0.030267271745329387,0.02961047194845574,0.0,BUY_MAIN,LATERAL
2025-09-21 09:00:00,sell,1058.56,0.030267271745329387,0.03203972317873588,2.397211507101403,STOP_LOSS,LATERAL
2025-09-22 07:00:00,buy,1023.97,0.038648918724194826,0.039575333306013774,0.0,BUY_MAIN,BULL
2025-09-22 10:00:00,buy,1017.33,0.03734357284307057,0.03799073696044099,0.0,BUY_MAIN,BULL
2025-09-22 13:00:00,buy,1021.3,0.03570898644134429,0.03646958785254493,0.0,BUY_MAIN,BULL
2025-09-22 14:00:00,sell,1003.25,0.038648918724194826,0.03877452771004846,-0.8395801236753613,STOP_LOSS,BULL
2025-09-22 15:00:00,sell,997.61,0.03570898644134429,0.03562364196374948,-0.8815695307592009,STOP_LOSS,BULL
2025-09-22 16:00:00,sell,992.46,0.03734357284307057,0.03706200230383382,-0.9657966589109961,STOP_LOSS,BULL
2025-09-22 21:00:00,buy,987.8,0.03995069247535452,0.03946329402715519,0.0,BUY_MAIN,BULL
2025-09-23 00:00:00,buy,992.9,0.038154077685877634,0.0378831837343079,0.0,BUY_MAIN,BULL
2025-09-23 02:00:00,sell,970.58,0.038154077685877634,0.03703158472035911,-0.8886305986691454,STOP_LOSS,BULL
2025-09-23 06:00:00,buy,988.62,0.03828176972245328,0.03784612318301176,0.0,BUY_MAIN,BULL
2025-09-25 07:00:00,buy,989.06,0.02754946444914664,0.027248073308072975,0.0,BUY_MAIN,LATERAL
2025-09-25 17:00:00,sell,955.8,0.03995069247535452,0.03818487186794385,-1.3166070310792861,STOP_LOSS,BULL
2025-09-25 17:00:00,sell,955.8,0.03828176972245328,0.03658971550072084,-1.2929973977916376,STOP_LOSS,BULL
2025-09-25 17:00:00,sell,955.8,0.02754946444914664,0.026331778120494358,-0.9426269656991124,STOP_LOSS,LATERAL
2025-09-30 13:00:00,buy,1008.48,0.03894966872962828,0.039279961920455526,0.0,BUY_MAIN,BULL
2025-09-30 18:00:00,buy,1001.34,0.03765673222398035,0.03770719224516048,0.0,BUY_MAIN,BULL
2025-09-30 22:00:00,buy,1002.63,0.0361024468324948,0.03619739626766426,0.0,BUY_MAIN,BULL
2025-10-02 14:00:00,sell,1045.82,0.03894966872962828,0.04073434255081985,1.4136462878134992,STOP_LOSS,BULL
2025-10-02 14:00:00,sell,1045.82,0.03765673222398035,0.039382163694483135,1.6355892856281642,STOP_LOSS,BULL
2025-10-02 14:00:00,sell,1045.82,0.0361024468324948,0.03775666094635971,1.5215080177490918,STOP_LOSS,BULL
2025-10-09 18:00:00,buy,1246.81,0.023735531646012116,0.029593698211564365,0.0,BUY_MAIN,LATERAL
2025-10-09 21:00:00,buy,1247.43,0.030681747757946166,0.03827333260569479,0.0,BUY_MAIN,BULL
2025-10-10 00:00:00,buy,1255.35,0.029267430093729053,0.03674086836816277,0.0,BUY_MAIN,BULL
2025-10-10 15:00:00,sell,1215.49,0.023735531646012116,0.02885030136041127,-0.7722471525135077,STOP_LOSS,LATERAL
2025-10-10 15:00:00,sell,1215.49,0.030681747757946166,0.03729335758230599,-1.0172683809711103,STOP_LOSS,BULL
2025-10-10 15:00:00,sell,1215.49,0.029267430093729053,0.03557426860462672,-1.2021740321406682,STOP_LOSS,BULL
2025-10-10 18:00:00,buy,1228.19,0.024019743922047927,0.029500809287620045,0.0,BUY_MAIN,LATERAL
2025-10-10 20:00:00,sell,1198.33,0.024019743922047927,0.02878357973410769,-0.7460131332464606,STOP_LOSS,LATERAL
2025-10-11 01:00:00,buy,1117.24,0.013192126968844663,0.014738771934672011,0.0,BUY_MAIN,BEAR
2025-10-11 01:00:00,sell,1083.74,0.013192126968844663,0.014296835681215715,-0.4562330891375126,STOP_LOSS,BEAR
2025-10-13 14:00:00,buy,1298.55,0.030252630203957607,0.03928455295134915,0.0,BUY_DCA(-5.13%),BULL
2025-10-13 14:00:00,sell,1259.37,0.030252630203957607,0.03809925489995809,-1.2233973062910195,STOP_LOSS,BULL
2025-10-14 06:00:00,buy,1236.85,0.023790705629409055,0.029425534257734587,0.0,BUY_DCA(-5.04%),LATERAL
2025-10-14 06:00:00,sell,1202.82,0.023790705629409055,0.0286159365451658,-0.8382136491139534,STOP_LOSS,LATERAL
2025-10-15 11:00:00,buy,1182.26,0.02486720779036205,0.029399505082233435,0.0,BUY_MAIN,LATERAL
2025-10-15 18:00:00,buy,1167.19,0.024431873083742974,0.028516637944613964,0.0,BUY_MAIN,LATERAL
2025-10-15 19:00:00,sell,1164.3,0.02486720779036205,0.02895289003031853,-0.4755679419452221,STOP_LOSS,LATERAL
2025-10-16 00:00:00,buy,1162.57,0.024538738674957945,0.028528001421345855,0.0,BUY_MAIN,LATERAL
2025-10-16 15:00:00,sell,1135.2,0.024431873083742974,0.02773506232466503,-0.8093106822736047,STOP_LOSS,LATERAL
2025-10-16 15:00:00,sell,1135.2,0.024538738674957945,0.02785637614381226,-0.6994816536774096,STOP_LOSS,LATERAL
2025-10-16 18:00:00,buy,1150.14,0.025507660762657678,0.029337380949563105,0.0,BUY_MAIN,LATERAL
2025-10-17 05:00:00,sell,1128.96,0.025507660762657678,0.028797128694610014,-0.5690493836477017,STOP_LOSS,LATERAL
2025-10-17 08:00:00,buy,1062.68,0.013795041473738657,0.014659714673312596,0.0,BUY_DCA(-7.38%),BEAR
2025-10-17 08:00:00,sell,1043.41,0.013795041473738657,0.014393884224113654,-0.28022433342305675,STOP_LOSS,BEAR
2025-10-20 22:00:00,buy,1095.29,0.026760568274322143,0.0293105828251823,0.0,BUY_MAIN,LATERAL
2025-10-21 04:00:00,sell,1063.04,0.026760568274322143,0.02844755449833541,-0.8914758813452224,STOP_LOSS,LATERAL
2025-10-28 06:00:00,buy,1122.33,0.026091220257194576,0.029282959231257188,0.0,BUY_MAIN,LATERAL
2025-10-28 20:00:00,sell,1091.34,0.026091220257194576,0.028474392315486728,-0.8370413080859471,STOP_LOSS,LATERAL
2025-10-28 23:00:00,buy,1106.61,0.026438374407639253,0.02925696950323767,0.0,BUY_MAIN,LATERAL
2025-10-30 13:00:00,sell,1080.61,0.026438374407639253,0.02856957176863905,-0.7159673063672578,STOP_LOSS,LATERAL
2025-11-02 19:00:00,buy,1078.81,0.027098944925391458,0.02923461277496156,0.0,BUY_MAIN,LATERAL
2025-11-03 02:00:00,sell,1060.6,0.027098944925391458,0.02874114098787018,-0.5222129280792487,STOP_LOSS,LATERAL
2025-11-03 12:00:00,buy,1015.95,0.01437967879754709,0.014609034674367968,0.0,BUY_MAIN,BEAR
2025-11-03 15:00:00,sell,980.28,0.01437967879754709,0.014096111531659463,-0.5270192542401642,STOP_LOSS,BEAR
2025-11-04 09:00:00,buy,949.2,0.015382332753934101,0.01460091025003425,0.0,BUY_DCA(-5.01%),BEAR
2025-11-04 16:00:00,sell,930.2,0.015382332753934101,0.014308645927709503,-0.30657296825245695,STOP_LOSS,BEAR
2025-11-07 14:00:00,buy,936.07,0.031185899861883644,0.029192185283713427,0.0,BUY_MAIN,LATERAL
2025-11-08 00:00:00,sell,980.63,0.031185899861883644,0.030581828981558958,1.3590618688639715,STOP_LOSS,LATERAL
2025-11-10 15:00:00,buy,984.29,0.02969864712048363,0.029232081374220835,0.0,BUY_MAIN,LATERAL
2025-11-11 17:00:00,sell,967.25,0.02969864712048363,0.028726016427287792,-0.5347909633603294,STOP_LOSS,LATERAL
2025-11-13 20:00:00,buy,913.54,0.015990082909822668,0.0146075803414394,0.0,BUY_DCA(-5.26%),BEAR
2025-11-15 04:00:00,sell,928.03,0.015990082909822668,0.01483927664280273,0.21685702472052704,STOP_LOSS,BEAR
2025-11-16 16:00:00,buy,923.62,0.031637716989898625,0.02922122816621017,0.0,BUY_MAIN,LATERAL
2025-11-16 21:00:00,buy,919.82,0.030814414433670584,0.02834371468437888,0.0,BUY_MAIN,LATERAL
2025-11-17 13:00:00,sell,907.19,0.031637716989898625,0.028701420476066136,-0.5485091106200954,STOP_LOSS,LATERAL
2025-11-17 16:00:00,buy,911.9,0.03109193387879667,0.028352734504074682,0.0,BUY_MAIN,LATERAL
2025-11-17 19:00:00,sell,897.39,0.030814414433670584,0.027652547368631646,-0.7188198631158649,STOP_LOSS,LATERAL
2025-11-17 19:00:00,sell,897.39,0.03109193387879667,0.02790159054349334,-0.47904555112483393,STOP_LOSS,LATERAL
2025-11-19 20:00:00,buy,878.9,0.016592478894153887,0.014583129700071851,0.0,BUY_MAIN,BEAR
2025-11-20 09:00:00,sell,901.21,0.016592478894153887,0.014953307904200425,0.3552248962243745,STOP_LOSS,BEAR
2025-11-20 20:00:00,buy,880.44,0.03313852011850828,0.02917647865313943,0.0,BUY_MAIN,LATERAL
2025-11-20 23:00:00,sell,866.51,0.03313852011850828,0.028714859067888607,-0.4903344443187123,STOP_LOSS,LATERAL
2025-11-21 10:00:00,buy,812.5,0.017945165123354014,0.014580446662725136,0.0,BUY_DCA(-6.01%),BEAR
2025-11-21 19:00:00,sell,825.55,0.017945165123354014,0.014814631067584905,0.21936977379218447,STOP_LOSS,BEAR
2025-11-29 18:00:00,buy,872.93,0.033412801719799025,0.02916703700526416,0.0,BUY_MAIN,LATERAL
2025-11-30 21:00:00,sell,889.06,0.033412801719799025,0.02970598549700452,0.509242506243357,STOP_LOSS,LATERAL
2025-12-01 01:00:00,buy,834.5,0.017484385422013964,0.014590719634670653,0.0,BUY_DCA(-6.76%),BEAR
2025-12-01 04:00:00,sell,823.17,0.017484385422013964,0.014392621547839234,-0.2124907083792582,STOP_LOSS,BEAR
2025-12-01 08:00:00,buy,832.44,0.01752356135367167,0.014587313413250445,0.0,BUY_MAIN,BEAR
2025-12-01 12:00:00,sell,821.43,0.01752356135367167,0.014394379002746519,-0.20732878950667377,STOP_LOSS,BEAR
2025-12-01 15:00:00,buy,819.87,0.017788167235911357,0.014583984671706645,0.0,BUY_MAIN,BEAR
2025-12-04 05:00:00,sell,908.07,0.017788167235911357,0.016152901021914027,1.5527634491854663,STOP_LOSS,BEAR
2025-12-05 13:00:00,buy,892.8,0.03272190269640311,0.029214114727348698,0.0,BUY_MAIN,LATERAL
2025-12-05 16:00:00,sell,878.92,0.03272190269640311,0.02875993471792262,-0.48293994414399677,STOP_LOSS,LATERAL
2025-12-05 18:00:00,buy,882.96,0.03306916520066884,0.029198750105582563,0.0,BUY_MAIN,LATERAL
2025-12-05 23:00:00,buy,882.71,0.04278024362838972,0.037762548853215894,0.0,BUY_MAIN,BULL
2025-12-06 02:00:00,buy,884.62,0.040978653429871725,0.036250536397133125,0.0,BUY_MAIN,BULL
2025-12-08 15:00:00,sell,896.56,0.03306916520066884,0.029648490752311654,0.4200921559767785,STOP_LOSS,LATERAL
2025-12-09 09:00:00,buy,887.75,0.030400297333360426,0.026987863957690716,0.0,BUY_MAIN,LATERAL
2025-12-09 19:00:00,sell,914.21,0.030400297333360426,0.027792255825131434,0.7765996116155875,STOP_LOSS,LATERAL
2025-12-11 05:00:00,buy,871.0,0.031010737439862743,0.02701035231012045,0.0,BUY_MAIN,LATERAL
2025-12-11 07:00:00,sell,866.88,0.040978653429871725,0.0355235750852872,-0.7624848869312117,STOP_LOSS,BULL
2025-12-11 11:00:00,buy,865.91,0.03148580450110703,0.02726387297555359,0.0,BUY_MAIN,LATERAL
2025-12-11 14:00:00,sell,861.62,0.04278024362838972,0.03686031351509315,-0.9390956516378353,STOP_LOSS,BULL
2025-12-12 10:00:00,sell,885.07,0.03148580450110703,0.027867140989794804,0.575400873251418,STOP_LOSS,LATERAL
2025-12-14 11:00:00,sell,888.77,0.031010737439862743,0.027561413114426808,0.5234993911919332,STOP_LOSS,LATERAL
2025-12-14 20:00:00,buy,883.31,0.03306997116827454,0.029211036232648577,0.0,BUY_MAIN,LATERAL
2025-12-15 15:00:00,sell,859.14,0.03306997116827454,0.028411735029511383,-0.8277129381667052,STOP_LOSS,LATERAL
2025-12-15 19:00:00,buy,851.19,0.017143838927511246,0.014592664256708299,0.0,BUY_MAIN,BEAR
2025-12-17 03:00:00,sell,863.43,0.017143838927511246,0.014802504845181036,0.1950380836275567,STOP_LOSS,BEAR
2025-12-17 20:00:00,buy,840.8,0.034717818596571984,0.029190741875997725,0.0,BUY_MAIN,LATERAL
2025-12-18 02:00:00,buy,841.24,0.0336576290921277,0.02831414389746151,0.0,BUY_MAIN,LATERAL
2025-12-18 07:00:00,buy,834.75,0.0329007129754067,0.027463870156220743,0.0,BUY_MAIN,LATERAL
2025-12-18 19:00:00,sell,820.53,0.034717818596571984,0.028487011693045208,-0.7322171946455605,STOP_LOSS,LATERAL
2025-12-18 19:00:00,sell,820.53,0.0336576290921277,0.027617094398963545,-0.7246665928969271,STOP_LOSS,LATERAL
2025-12-18 19:00:00,sell,820.53,0.0329007129754067,0.02699602201771046,-0.4948441605279932,STOP_LOSS,LATERAL
2025-12-25 12:00:00,buy,837.6,0.034777508327217904,0.02912964097487772,0.0,BUY_MAIN,LATERAL
2025-12-29 09:00:00,sell,851.49,0.034777508327217904,0.029612700565542775,0.45344689009951367,STOP_LOSS,LATERAL
2025-12-29 11:00:00,buy,853.96,0.045501538701815,0.03885649398980194,0.0,BUY_MAIN,BULL
2025-12-29 19:00:00,buy,851.87,0.04378682189823596,0.03730067997045027,0.0,BUY_MAIN,BULL
2025-12-30 00:00:00,buy,852.46,0.04200450548346367,0.03580716074443344,0.0,BUY_MAIN,BULL
2025-12-30 06:00:00,buy,850.94,0.040394671807913986,0.03437344202822633,0.0,BUY_MAIN,BULL
2025-12-31 23:00:00,sell,864.3,0.045501538701815,0.0393269798999787,0.4311589302767871,EOD_CLOSE,BULL
2025-12-31 23:00:00,sell,864.3,0.04378682189823596,0.03784495016664534,0.506425246028428,EOD_CLOSE,BULL
2025-12-31 23:00:00,sell,864.3,0.04200450548346367,0.036304494089357646,0.46102885083485035,EOD_CLOSE,BULL
2025-12-31 23:00:00,sell,864.3,0.040394671807913986,0.034913114843580055,0.5047597005101423,EOD_CLOSE,BULL
