fecha|nivel|trade_type|price|amount|profit|volatility|rsi|stochrsi_k|stochrsi_d|description
2025-02-23 11:22:14,446|INFO|buy|95677.89|0.00522|0|0.16737283947362122|34.854240697759224|0.23901337867129338|0.17246800145248095|BUY
2025-02-23 11:52:15,935|INFO|buy|95491.99|0.00497|0|0.2584018247216528|30.4916597804245|0.1773611324583347|0.15191725271482806|BUY
2025-02-23 13:56:19,837|INFO|buy|95678.17|0.00471|0|0.51962294231672|37.81842155679295|0.15237250786775094|0.13275542717734803|BUY
2025-02-23 14:58:21,928|INFO|buy|95726.85|0.00447|0|0.8532065523001496|39.536673536341034|0.28322921747450086|0.16394954604045675|BUY
2025-02-23 16:31:25,265|INFO|buy|95725.96|0.00425|0|0.12640462492215224|39.43319265216813|0.49122658702711136|0.4153018836610421|BUY
2025-02-23 17:33:27,495|INFO|buy|95688.0|0.00404|0|0.12976928755941564|38.78537776129595|0.5494556545216058|0.4999915274109597|BUY
2025-02-23 18:35:30,141|INFO|buy|95652.0|0.00384|0|0.28195848936918716|37.928169833335424|0.6065359333282043|0.5539181786751071|BUY
2025-02-24 13:58:17,879|INFO|buy|94651.26|0.00368|0|47.81685769369294|35.92319046855897|0.1675160397824631|0.11990361404379264|BUY
2025-02-24 14:29:19,423|INFO|buy|94550.96|0.0035|0|0.5659825513113065|34.338807884565014|0.25460167533880235|0.14990533383918467|BUY
2025-02-24 15:00:21,649|INFO|buy|94161.67|0.00334|0|0.0028143083258435697|30.38353645492434|0.19114360054112886|0.17907978379917175|BUY
2025-02-24 15:31:22,712|INFO|buy|94413.28|0.00317|0|0.539317055515579|35.56403329372486|0.27120748867542627|0.20576774651060417|BUY
2025-02-24 17:35:27,063|INFO|buy|94272.78|0.00301|0|0.9929390551311609|35.63032029138677|0.15786868237114848|0.13180052109049414|BUY
2025-02-24 19:08:30,097|INFO|buy|92683.37|0.00291|0|0.7093305935135894|22.71132732826932|0.06661705671435221|0.05963299805927985|BUY
2025-02-24 20:41:34,371|INFO|buy|91781.24|0.00279|0|1.2054477191344877|20.596998529733|0.05536120108783358|0.0427302910661008|BUY
2025-02-24 21:12:35,359|INFO|buy|91213.98|0.00267|0|0.827773573400267|18.93999161629891|0.10305712643354446|0.06293330121032803|BUY
2025-02-24 21:43:36,969|INFO|buy|92317.02|0.00251|0|1.4484485846976414|28.93043475885102|0.19958991028433962|0.09511089582725973|BUY
2025-02-24 22:14:38,601|INFO|buy|91994.72|0.00239|0|0.8707046763290588|24.2687874599019|0.23776063938260125|0.14544538315603053|BUY
2025-02-24 22:45:40,212|INFO|buy|92305.37|0.00226|0|0.9629752976374981|29.240593022672513|0.2916305796246812|0.16340202990339053|BUY
2025-02-24 23:16:42,390|INFO|buy|92249.96|0.00215|0|0.297551561490559|29.367952861449965|0.45942046933234604|0.292488298627698|BUY
2025-02-24 23:47:44,136|INFO|buy|92398.41|0.00204|0|0.5487237162606984|30.820647016357142|0.4828308382972844|0.3002917549493441|BUY
2025-02-25 00:18:45,883|INFO|buy|92311.38|0.00194|0|0.5255767110469021|30.527369845458068|0.6560612127031079|0.4729557606371572|BUY
2025-02-25 00:49:47,466|INFO|buy|91921.8|0.00185|0|0.7634932995882772|27.030406135473754|0.598843039771896|0.4538830363267532|BUY
2025-02-25 01:20:49,185|INFO|buy|92090.48|0.00175|0|0.6066142513740043|29.466467135744296|0.6711960552790383|0.5721684563561822|BUY
2025-02-25 01:51:51,418|INFO|buy|91965.51|0.00167|0|0.6127029001430059|27.414418361316493|0.6383410266367684|0.5612167801420922|BUY
2025-02-25 08:04:06,691|INFO|buy|89170.01|0.00163|0|0.23070983621437036|27.291738922907342|0.586352926131703|0.3171322167971797|BUY
2025-02-25 08:35:08,277|INFO|buy|89110.72|0.00155|0|1.216973681014939|27.04336563290785|0.5810616156554059|0.31536844663841396|BUY
2025-02-25 09:06:09,943|INFO|buy|89112.83|0.00148|0|0.301456519454667|26.964690393019467|0.8892486845420784|0.602050102716386|BUY
2025-02-25 09:37:11,482|INFO|buy|88969.85|0.0014|0|0.5870439612619898|26.34434553250189|0.8759709826222121|0.5976242020764305|BUY
2025-02-25 10:08:13,020|INFO|buy|88790.18|0.00134|0|0.2956590751839121|25.28839607040804|0.8473251180774602|0.8001233298575171|BUY
2025-02-25 10:39:14,619|INFO|buy|88621.94|0.00127|0|4.510266756040022|24.58947560485933|0.8319432141317611|0.794996028542284|BUY
2025-02-25 13:14:19,560|INFO|buy|87620.05|0.00122|0|0.5600798865854949|25.04084199347261|0.6381494212901607|0.5661323449955922|BUY
2025-02-25 13:45:21,138|INFO|buy|87171.81|0.00117|0|1.0374579018957442|22.38480596357671|0.5769599630579635|0.5457358589181931|BUY
2025-02-25 14:16:22,710|INFO|buy|87438.83|0.00111|0|0.6590896011046299|25.28364904125374|0.7051806078720878|0.5935146479870862|BUY
2025-02-25 14:47:24,315|INFO|buy|87387.98|0.00105|0|1.331237178477431|24.672908435037726|0.6911644501551616|0.5888425954147776|BUY
2025-02-25 15:49:26,844|INFO|buy|87617.15|0.001|0|66.18740854340284|28.875096696084654|0.7371841473858968|0.6437016273759535|BUY
2025-02-25 16:20:28,474|INFO|buy|88071.97|0.00094|0|77.25608256173655|33.5085360242537|0.8681901630882854|0.7562386583200714|BUY
2025-02-25 16:51:30,724|INFO|buy|88175.67|0.00089|0|78.26219767730008|34.59170950490184|0.8681901630882854|0.7562386583200714|BUY
2025-02-25 17:22:32,376|INFO|buy|88261.02|0.00085|0|0.7237090735744419|35.423086484095606|0.9989669314581469|0.8739657192927094|BUY
2025-02-25 17:53:33,991|INFO|buy|88665.83|0.0008|0|77.71145074419098|39.4614003997914|1.0|0.8743100754733272|BUY
2025-02-26 10:26:05,556|INFO|sell|85560.0|0.00522|-52.815385799999994|4.766269845687025|26.428907846498547|0.011976982030538603|0.23638716811348212|STOP LOSS
2025-02-26 10:26:05,903|INFO|sell|85560.0|0.00497|-49.36199030000002|4.766269845687025|26.428907846498547|0.011976982030538603|0.23638716811348212|STOP LOSS
2025-02-26 10:26:06,802|INFO|sell|85560.0|0.00471|-47.65658069999999|4.766269845687025|26.428907846498547|0.011976982030538603|0.23638716811348212|STOP LOSS
2025-02-26 10:26:07,147|INFO|sell|85560.0|0.00447|-45.44581950000003|4.766269845687025|26.428907846498547|0.011976982030538603|0.23638716811348212|STOP LOSS
2025-02-26 10:26:07,547|INFO|sell|85560.0|0.00425|-43.20533000000003|4.766269845687025|26.428907846498547|0.011976982030538603|0.23638716811348212|STOP LOSS
2025-02-26 10:26:07,893|INFO|sell|85560.0|0.00404|-40.917120000000004|4.766269845687025|26.428907846498547|0.011976982030538603|0.23638716811348212|STOP LOSS
2025-02-26 10:26:08,238|INFO|sell|85560.0|0.00384|-38.753280000000004|4.766269845687025|26.428907846498547|0.011976982030538603|0.23638716811348212|STOP LOSS
2025-02-26 11:58:11,086|INFO|buy|87551.15|0.00231|0|7.244763467713172|39.03480169556555|0.18026224598022847|0.16445674005905278|BUY
2025-02-26 12:29:12,618|INFO|buy|86828.43|0.00221|0|8.018838402803855|34.00140712023702|0.1815194252950656|0.1600171488959382|BUY
2025-02-26 13:00:14,779|INFO|buy|86898.16|0.0021|0|12.144984024566627|34.42665809553195|0.18792882153068016|0.16215361430780972|BUY
2025-02-26 15:04:19,216|INFO|sell|84308.84|0.00368|-38.06010559999999|0.6625916017463854|22.696378076720777|0.004177625032809319|0.031432333989307476|STOP LOSS
2025-02-26 15:04:19,587|INFO|sell|84308.84|0.0035|-35.847420000000035|0.6625916017463854|22.696378076720777|0.004177625032809319|0.031432333989307476|STOP LOSS
2025-02-26 15:04:19,945|INFO|sell|84308.84|0.00334|-32.908452200000006|0.6625916017463854|22.696378076720777|0.004177625032809319|0.031432333989307476|STOP LOSS
2025-02-26 15:04:20,313|INFO|sell|84308.84|0.00317|-32.031074800000006|0.6625916017463854|22.696378076720777|0.004177625032809319|0.031432333989307476|STOP LOSS
2025-02-26 15:04:20,683|INFO|sell|84308.84|0.00301|-29.991459400000007|0.6625916017463854|22.696378076720777|0.004177625032809319|0.031432333989307476|STOP LOSS
2025-02-26 16:36:23,592|INFO|sell|83377.99|0.00291|-27.078655799999968|2.708868886171715|19.5759348564182|0.0|0.0002933933699204658|STOP LOSS
2025-02-26 17:07:25,707|INFO|buy|84139.35|0.00304|0|0.676206999258227|25.647048665619934|0.09942505151055812|0.051019222471273905|BUY
2025-02-26 17:38:27,255|INFO|buy|84072.0|0.00289|0|1.2597986579727576|25.395688627035653|0.09687087915657627|0.05016783168661328|BUY
2025-02-26 18:09:28,224|INFO|buy|85183.09|0.00271|0|51.92483589463711|36.03130437122328|0.23272678331272914|0.12682373078282158|BUY
2025-02-26 18:40:29,220|INFO|buy|84377.36|0.0026|0|51.99741839273003|27.625417381567914|0.15458565362524565|0.10077668755366043|BUY
2025-02-26 19:11:30,840|INFO|buy|84425.79|0.00247|0|0.4312025861022426|28.172020946706567|0.17081236345543824|0.1425384115193288|BUY
2025-02-26 19:42:32,400|INFO|buy|84024.57|0.00236|0|0.9831475810954986|26.21454655161918|0.1525986340111627|0.13646716837123696|BUY
2025-02-26 20:13:33,955|INFO|buy|84457.98|0.00223|0|0.6133499170123285|30.480034510420097|0.20470663143955747|0.1692605271183426|BUY
2025-02-26 20:44:35,651|INFO|buy|84633.82|0.00211|0|0.8735406206125939|32.56493286336588|0.2282691974057731|0.17711471577374782|BUY
2025-02-26 21:15:37,221|INFO|buy|84680.96|0.00201|0|0.9396922090943082|33.52842827937849|0.36577982357766897|0.2533712500568918|BUY
2025-02-26 21:46:38,827|INFO|buy|84876.18|0.0019|0|1.8400132896731112|35.37123977325095|0.3940369070679604|0.262790277886989|BUY
2025-02-26 22:17:40,953|INFO|buy|84863.29|0.00181|0|0.7589196946206215|34.518632280178096|0.5914037217999885|0.41951454684986306|BUY
2025-02-26 22:48:43,068|INFO|buy|84554.8|0.00172|0|5.867068404669425|32.11910479057228|0.5508399029668797|0.40599327390549345|BUY
2025-02-26 23:19:44,099|INFO|buy|84878.66|0.00163|0|0.843058046501076|37.43520678626634|0.6671238263817254|0.5348649155631625|BUY
2025-02-27 00:21:46,929|INFO|buy|84853.86|0.00155|0|0.6191616659799154|38.95381994702417|0.7855856091414934|0.6686666533738456|BUY
2025-02-27 16:23:18,238|INFO|sell|82942.13|0.00251|-23.5309739|1.7482981754681703|29.828003824364274|0.035824879244929934|0.04501917052643382|STOP LOSS
2025-02-27 16:23:18,575|INFO|sell|82942.13|0.00226|-21.16092239999998|1.7482981754681703|29.828003824364274|0.035824879244929934|0.04501917052643382|STOP LOSS
2025-02-27 16:23:19,481|INFO|sell|82942.13|0.00215|-20.011834500000003|1.7482981754681703|29.828003824364274|0.035824879244929934|0.04501917052643382|STOP LOSS
2025-02-27 16:23:20,392|INFO|sell|82942.13|0.00204|-19.2908112|1.7482981754681703|29.828003824364274|0.035824879244929934|0.04501917052643382|STOP LOSS
2025-02-27 16:23:20,733|INFO|sell|82942.13|0.00194|-18.176345|1.7482981754681703|29.828003824364274|0.035824879244929934|0.04501917052643382|STOP LOSS
2025-02-27 17:55:25,211|INFO|buy|84307.25|0.00202|0|9.73889216335049|39.64920381394256|0.08436738542651447|0.057012750769242976|BUY
2025-02-27 18:26:26,171|INFO|buy|84169.14|0.00192|0|49.91952268019283|38.981555539031895|0.16687212389973574|0.09880301269146673|BUY
2025-02-27 21:32:31,953|INFO|sell|82646.58|0.00239|-22.3420546|2.0857746044547656|30.377119732282367|0.25694255745280964|0.34274224393673397|STOP LOSS
2025-02-27 21:32:32,875|INFO|sell|82646.58|0.00185|-17.159157000000004|2.0857746044547656|30.377119732282367|0.25694255745280964|0.34274224393673397|STOP LOSS
2025-02-27 21:32:33,233|INFO|sell|82646.58|0.00175|-16.52682499999999|2.0857746044547656|30.377119732282367|0.25694255745280964|0.34274224393673397|STOP LOSS
2025-02-27 21:32:34,158|INFO|sell|82646.58|0.00167|-15.56261309999999|2.0857746044547656|30.377119732282367|0.25694255745280964|0.34274224393673397|STOP LOSS
2025-02-27 22:03:35,158|INFO|sell|82067.99|0.00279|-27.099967499999998|0.7223920826812619|28.21619597134955|0.11153862549322711|0.24634203892774345|STOP LOSS
2025-02-27 22:03:35,517|INFO|sell|82067.99|0.00267|-24.419793299999977|0.7223920826812619|28.21619597134955|0.11153862549322711|0.24634203892774345|STOP LOSS
2025-02-28 00:06:40,137|INFO|sell|79911.75|0.00163|-15.09096379999999|1.1616651134124285|21.326941510586337|0.0|0.03229741598238151|STOP LOSS
2025-02-28 00:06:40,480|INFO|sell|79911.75|0.00155|-14.258403500000002|1.1616651134124285|21.326941510586337|0.0|0.03229741598238151|STOP LOSS
2025-02-28 00:06:40,823|INFO|sell|79911.75|0.00148|-13.617598400000002|1.1616651134124285|21.326941510586337|0.0|0.03229741598238151|STOP LOSS
2025-02-28 00:06:41,744|INFO|sell|79911.75|0.0014|-12.681340000000008|1.1616651134124285|21.326941510586337|0.0|0.03229741598238151|STOP LOSS
2025-02-28 00:36:43,822|INFO|sell|79743.96|0.00134|-12.121934799999982|1.4151830571350281|20.87478496453096|0.0|0.03229741598238151|STOP LOSS
2025-02-28 00:36:44,735|INFO|sell|79743.96|0.00127|-11.275034599999996|1.4151830571350281|20.87478496453096|0.0|0.03229741598238151|STOP LOSS
2025-02-28 00:36:45,078|INFO|sell|79743.96|0.0008|-7.137495999999997|1.4151830571350281|20.87478496453096|0.0|0.03229741598238151|STOP LOSS
2025-02-28 02:09:49,246|INFO|buy|79949.11|0.00307|0|1.394166396274894|23.846181444145827|0.05156622286455984|0.01718874095485328|BUY
2025-02-28 03:11:52,111|INFO|buy|79686.1|0.00293|0|0.671319426238252|22.541660226014812|0.036532036329922864|0.01217734544330762|BUY
2025-02-28 03:42:53,663|INFO|sell|79254.02|0.00094|-8.288872999999997|1.4876940924066813|19.209847363133335|0.0|0.0|STOP LOSS
2025-02-28 03:42:54,006|INFO|sell|79254.02|0.00089|-7.940268499999994|1.4876940924066813|19.209847363133335|0.0|0.0|STOP LOSS
2025-02-28 03:42:54,348|INFO|sell|79254.02|0.00085|-7.65595|1.4876940924066813|19.209847363133335|0.0|0.0|STOP LOSS
2025-02-28 04:43:56,455|INFO|sell|78726.0|0.00122|-10.850741000000003|47.003732240916754|17.866723196368227|0.0|0.0|STOP LOSS
2025-02-28 04:43:56,794|INFO|sell|78726.0|0.001|-8.891149999999994|47.003732240916754|17.866723196368227|0.0|0.0|STOP LOSS
2025-02-28 04:43:57,132|INFO|sell|78726.0|0.00231|-20.386096499999987|47.003732240916754|17.866723196368227|0.0|0.0|STOP LOSS
2025-02-28 05:13:58,636|INFO|buy|79359.36|0.00315|0|48.23119249747134|23.672210195919703|0.05590337438056748|0.018634458126855828|BUY
2025-02-28 05:45:00,794|INFO|buy|80340.67|0.00295|0|48.74274810890278|33.92675491036414|0.17509941478035176|0.05836647159345059|BUY
2025-02-28 06:16:02,906|INFO|buy|79942.46|0.00282|0|47.620314050912135|32.023709518147726|0.3198224447698731|0.1632668603881989|BUY
2025-02-28 06:47:04,442|INFO|buy|79951.11|0.00268|0|47.620314050912135|32.06275825427939|0.32026971272510857|0.1634159497066107|BUY
2025-02-28 07:18:06,574|INFO|buy|80404.46|0.00253|0|47.78027740908215|35.774925908494|0.5311398350041319|0.34532658286331763|BUY
2025-02-28 07:49:08,699|INFO|buy|80685.56|0.0024|0|48.19937809173146|38.31386580857329|0.5604930824792936|0.35511099868837154|BUY
2025-02-28 08:20:10,804|INFO|buy|80426.93|0.00228|0|0.8654807401364598|36.16852748860837|0.5686841171581268|0.4793111023917083|BUY
2025-02-28 08:51:12,915|INFO|buy|80261.32|0.00217|0|1.862717747953223|35.26341734999045|0.558234872276814|0.475828020764604|BUY
2025-02-28 11:09:31,277|INFO|sell|82845.5|0.00315|10.981340999999999|1.054652244284329|55.28188098553391|1.0|0.8784311167218138|TAKE PROFIT
2025-02-28 11:40:32,864|INFO|sell|83860.0|0.00307|12.006432299999997|3.2642762125612936|60.73784537960478|1.0|0.8784311167218138|TAKE PROFIT
2025-02-28 11:40:33,208|INFO|sell|83860.0|0.00293|12.229526999999983|3.2642762125612936|60.73784537960478|1.0|0.8784311167218138|TAKE PROFIT
2025-02-28 11:40:33,561|INFO|sell|83860.0|0.00295|10.382023500000004|3.2642762125612936|60.73784537960478|1.0|0.8784311167218138|TAKE PROFIT
2025-02-28 11:40:33,912|INFO|sell|83860.0|0.00282|11.047462799999982|3.2642762125612936|60.73784537960478|1.0|0.8784311167218138|TAKE PROFIT
2025-02-28 11:40:34,264|INFO|sell|83860.0|0.00268|10.4758252|3.2642762125612936|60.73784537960478|1.0|0.8784311167218138|TAKE PROFIT
2025-02-28 11:40:35,184|INFO|sell|83860.0|0.00253|8.742516199999985|3.2642762125612936|60.73784537960478|1.0|0.8784311167218138|TAKE PROFIT
2025-02-28 11:40:35,553|INFO|sell|83860.0|0.00228|7.827399600000016|3.2642762125612936|60.73784537960478|1.0|0.8784311167218138|TAKE PROFIT
2025-02-28 11:40:35,902|INFO|sell|83860.0|0.00217|7.809135599999985|3.2642762125612936|60.73784537960478|1.0|0.8784311167218138|TAKE PROFIT
2025-02-28 12:42:39,273|INFO|sell|84436.48|0.0024|9.002207999999994|1.459241998931179|63.4134523665601|1.0|0.9594885068411322|TAKE PROFIT
2025-03-02 11:44:58,693|INFO|sell|88081.47|0.00304|11.984044799999987|4.128039386901294|70.63749401856901|0.3333333333333333|0.17544021639534027|TAKE PROFIT
2025-03-02 11:44:59,603|INFO|sell|88081.47|0.00289|11.587368300000005|4.128039386901294|70.63749401856901|0.3333333333333333|0.17544021639534027|TAKE PROFIT
2025-03-02 11:44:59,955|INFO|sell|88081.47|0.0026|9.630686|4.128039386901294|70.63749401856901|0.3333333333333333|0.17544021639534027|TAKE PROFIT
2025-03-02 11:45:00,304|INFO|sell|88081.47|0.00247|9.029529600000018|4.128039386901294|70.63749401856901|0.3333333333333333|0.17544021639534027|TAKE PROFIT
2025-03-02 11:45:00,648|INFO|sell|88081.47|0.00236|9.574283999999986|4.128039386901294|70.63749401856901|0.3333333333333333|0.17544021639534027|TAKE PROFIT
2025-03-02 11:45:00,996|INFO|sell|88081.47|0.00223|8.080382700000012|4.128039386901294|70.63749401856901|0.3333333333333333|0.17544021639534027|TAKE PROFIT
2025-03-02 11:45:01,341|INFO|sell|88081.47|0.00211|7.274541499999987|4.128039386901294|70.63749401856901|0.3333333333333333|0.17544021639534027|TAKE PROFIT
2025-03-02 11:45:01,691|INFO|sell|88081.47|0.00201|6.8350250999999895|4.128039386901294|70.63749401856901|0.3333333333333333|0.17544021639534027|TAKE PROFIT
2025-03-02 11:45:02,034|INFO|sell|88081.47|0.00172|6.065872399999997|4.128039386901294|70.63749401856901|0.3333333333333333|0.17544021639534027|TAKE PROFIT
2025-03-02 11:45:02,384|INFO|sell|88081.47|0.00202|7.623924400000003|4.128039386901294|70.63749401856901|0.3333333333333333|0.17544021639534027|TAKE PROFIT
2025-03-02 11:45:02,730|INFO|sell|88081.47|0.00192|7.5116736000000035|4.128039386901294|70.63749401856901|0.3333333333333333|0.17544021639534027|TAKE PROFIT
2025-03-02 12:46:04,926|INFO|sell|91421.84|0.00117|4.972535099999999|5.459038309008699|81.67576284356633|0.6666666666666666|0.35096911007097864|TAKE PROFIT
2025-03-02 12:46:05,266|INFO|sell|91421.84|0.00111|4.4211410999999945|5.459038309008699|81.67576284356633|0.6666666666666666|0.35096911007097864|TAKE PROFIT
2025-03-02 12:46:05,614|INFO|sell|91421.84|0.00105|4.235553|5.459038309008699|81.67576284356633|0.6666666666666666|0.35096911007097864|TAKE PROFIT
2025-03-02 12:46:05,964|INFO|sell|91421.84|0.00221|10.151436100000009|5.459038309008699|81.67576284356633|0.6666666666666666|0.35096911007097864|TAKE PROFIT
2025-03-02 12:46:06,315|INFO|sell|91421.84|0.0021|9.499727999999985|5.459038309008699|81.67576284356633|0.6666666666666666|0.35096911007097864|TAKE PROFIT
2025-03-02 12:46:06,667|INFO|sell|91421.84|0.00271|16.9070125|5.459038309008699|81.67576284356633|0.6666666666666666|0.35096911007097864|TAKE PROFIT
2025-03-02 12:46:07,016|INFO|sell|91421.84|0.0019|12.436754000000006|5.459038309008699|81.67576284356633|0.6666666666666666|0.35096911007097864|TAKE PROFIT
2025-03-02 12:46:07,357|INFO|sell|91421.84|0.00181|11.870975500000005|5.459038309008699|81.67576284356633|0.6666666666666666|0.35096911007097864|TAKE PROFIT
2025-03-02 12:46:07,709|INFO|sell|91421.84|0.00163|10.665383399999989|5.459038309008699|81.67576284356633|0.6666666666666666|0.35096911007097864|TAKE PROFIT
2025-03-02 12:46:08,064|INFO|sell|91421.84|0.00155|10.180368999999994|5.459038309008699|81.67576284356633|0.6666666666666666|0.35096911007097864|TAKE PROFIT
2025-03-03 14:36:41,829|INFO|buy|87855.14|0.00534|0|18.97337464155101|35.385631546815645|0.0402843122741905|0.03262140984481304|BUY
2025-03-03 17:11:46,566|INFO|buy|86238.86|0.00517|0|0.5757321981063995|32.918224564098935|0.06030248526373444|0.03508264134252999|BUY
2025-03-03 17:42:48,129|INFO|buy|86432.61|0.0049|0|0.903447553911643|34.01923809294391|0.07122533888752891|0.038723592550461476|BUY
2025-03-03 18:13:49,111|INFO|buy|86039.98|0.00467|0|1.4157710147941645|33.918857404798985|0.07501601344515532|0.0411225117000294|BUY
2025-03-03 18:44:50,106|INFO|buy|86373.71|0.00442|0|1.6887777333994645|35.72807310347734|0.09295100251730803|0.047100841390746974|BUY
2025-03-03 19:15:51,099|INFO|buy|86156.01|0.00421|0|0.7778672793233999|35.71182466275732|0.14919125397324717|0.09385794490343048|BUY
2025-03-03 19:46:52,101|INFO|buy|86557.41|0.00398|0|1.1007420858921662|36.94323399527417|0.1612786356970959|0.09788707214471341|BUY
2025-03-03 20:17:53,098|INFO|buy|86443.98|0.00379|0|0.9322032129246127|37.07622038272423|0.22634730101481595|0.16165513150870417|BUY
2025-03-03 20:48:54,660|INFO|buy|86068.01|0.00362|0|1.5914555808914912|35.3427832353084|0.20932095973336903|0.15597968441488852|BUY
2025-03-03 23:23:58,832|INFO|buy|84101.07|0.00352|0|2.0383959712140434|33.460710580198494|0.16976433870651472|0.13751593944887333|BUY
2025-03-03 23:55:00,392|INFO|buy|84270.77|0.00333|0|3.4863183544740357|34.32836419619062|0.18594876476659095|0.1429107481355654|BUY
2025-03-04 00:26:01,388|INFO|buy|83862.02|0.00318|0|0.8322686334965965|32.69417021589703|0.26468823030372296|0.17987266191957277|BUY
2025-03-04 00:57:02,379|INFO|buy|83594.08|0.00303|0|0.9453725390381029|31.981663149023916|0.2515027331836274|0.17547749621287426|BUY
2025-03-04 01:28:03,381|INFO|buy|84220.84|0.00286|0|0.9791133334928469|35.614189053186294|0.3499234604470498|0.2525458409242593|BUY
2025-03-04 01:59:04,372|INFO|buy|84278.03|0.00271|0|1.0574443141852363|35.919277804479506|0.35548173124006044|0.2543985978552628|BUY
2025-03-04 02:30:05,356|INFO|buy|84227.35|0.00258|0|1.822679788104025|34.99385642688037|0.44187388046447573|0.3677340186341262|BUY
2025-03-04 03:01:06,344|INFO|buy|83900.31|0.00246|0|0.04550181697326045|32.50517977231418|0.708116711381488|0.5812276308621257|BUY
2025-03-04 03:32:07,336|INFO|buy|83580.06|0.00235|0|1.078620750163664|31.49015510870818|0.6737608132864437|0.5697756648304443|BUY
2025-03-04 04:03:08,321|INFO|buy|83189.4|0.00224|0|2.166630331093039|29.70169987591271|0.7074413611125266|0.6935566206557623|BUY
2025-03-04 04:34:09,896|INFO|buy|83788.01|0.00211|0|2.812866424619229|33.577651091957364|0.799609456892834|0.724279319249198|BUY
2025-03-04 05:05:11,454|INFO|buy|83828.0|0.00201|0|0.1451604003953237|34.26635002651152|0.8910057962388986|0.79082264581932|BUY
2025-03-04 05:36:12,450|INFO|buy|83845.56|0.00191|0|0.6125909516723511|34.32533728829942|0.8927161257972616|0.7913927556721077|BUY
2025-03-04 06:07:14,059|INFO|buy|83738.79|0.00181|0|0.24779815245173478|33.72313807642291|0.9674354699847929|0.8864099698106567|BUY
2025-03-04 06:38:15,050|INFO|buy|83841.85|0.00172|0|0.4927304820146919|34.40980242057249|0.984058834331489|0.8919510912595553|BUY
2025-03-04 07:09:16,043|INFO|buy|84080.94|0.00163|0|0.47261851544271305|35.72168057945345|0.9849507163908834|0.9549271272685164|BUY
2025-03-04 07:40:17,037|INFO|buy|83842.32|0.00155|0|1.3395601309980518|34.46534713879355|0.97172072626138|0.950517130558682|BUY
2025-03-04 15:25:27,759|INFO|sell|88383.19|0.00352|15.073062399999984|10.293380170753357|61.94328100353596|1.0|0.9609432405416743|TAKE PROFIT
2025-03-04 15:25:28,106|INFO|sell|88383.19|0.00333|13.694358599999994|10.293380170753357|61.94328100353596|1.0|0.9609432405416743|TAKE PROFIT
2025-03-04 15:25:28,464|INFO|sell|88383.19|0.00318|14.377320599999996|10.293380170753357|61.94328100353596|1.0|0.9609432405416743|TAKE PROFIT
2025-03-04 15:25:29,389|INFO|sell|88383.19|0.00303|14.511003300000002|10.293380170753357|61.94328100353596|1.0|0.9609432405416743|TAKE PROFIT
2025-03-04 15:25:29,740|INFO|sell|88383.19|0.00286|11.904321000000017|10.293380170753357|61.94328100353596|1.0|0.9609432405416743|TAKE PROFIT
2025-03-04 15:25:30,094|INFO|sell|88383.19|0.00271|11.12498360000001|10.293380170753357|61.94328100353596|1.0|0.9609432405416743|TAKE PROFIT
2025-03-04 15:25:30,450|INFO|sell|88383.19|0.00258|10.72206719999999|10.293380170753357|61.94328100353596|1.0|0.9609432405416743|TAKE PROFIT
2025-03-04 15:25:31,369|INFO|sell|88383.19|0.00246|11.027884800000011|10.293380170753357|61.94328100353596|1.0|0.9609432405416743|TAKE PROFIT
2025-03-04 15:25:32,294|INFO|sell|88383.19|0.00235|11.287355500000011|10.293380170753357|61.94328100353596|1.0|0.9609432405416743|TAKE PROFIT
2025-03-04 15:25:32,650|INFO|sell|88383.19|0.00224|11.634089600000017|10.293380170753357|61.94328100353596|1.0|0.9609432405416743|TAKE PROFIT
2025-03-04 15:25:33,558|INFO|sell|88383.19|0.00211|9.695829800000016|10.293380170753357|61.94328100353596|1.0|0.9609432405416743|TAKE PROFIT
2025-03-04 15:25:34,477|INFO|sell|88383.19|0.00201|9.155931900000004|10.293380170753357|61.94328100353596|1.0|0.9609432405416743|TAKE PROFIT
2025-03-04 15:25:34,839|INFO|sell|88383.19|0.00191|8.66687330000001|10.293380170753357|61.94328100353596|1.0|0.9609432405416743|TAKE PROFIT
2025-03-04 15:25:35,194|INFO|sell|88383.19|0.00181|8.406364000000016|10.293380170753357|61.94328100353596|1.0|0.9609432405416743|TAKE PROFIT
2025-03-04 15:25:35,540|INFO|sell|88383.19|0.00172|7.811104799999994|10.293380170753357|61.94328100353596|1.0|0.9609432405416743|TAKE PROFIT
2025-03-04 15:25:35,898|INFO|sell|88383.19|0.00163|7.0126675|10.293380170753357|61.94328100353596|1.0|0.9609432405416743|TAKE PROFIT
2025-03-04 15:25:36,824|INFO|sell|88383.19|0.00155|7.038348499999993|10.293380170753357|61.94328100353596|1.0|0.9609432405416743|TAKE PROFIT
2025-03-05 09:40:10,275|INFO|sell|94136.68|0.00534|33.54342359999997|0.0|nan|nan|nan|TAKE PROFIT
2025-03-05 09:40:10,614|INFO|sell|94136.68|0.00517|40.831729399999965|0.0|nan|nan|nan|TAKE PROFIT
2025-03-05 09:40:10,971|INFO|sell|94136.68|0.0049|37.74994299999996|0.0|nan|nan|nan|TAKE PROFIT
2025-03-05 09:40:11,900|INFO|sell|94136.68|0.00467|37.811588999999984|0.0|nan|nan|nan|TAKE PROFIT
2025-03-05 09:40:12,255|INFO|sell|94136.68|0.00442|34.312327399999944|0.0|nan|nan|nan|TAKE PROFIT
2025-03-05 09:40:13,186|INFO|sell|94136.68|0.00421|33.59862069999999|0.0|nan|nan|nan|TAKE PROFIT
2025-03-05 09:40:13,541|INFO|sell|94136.68|0.00398|30.16549459999996|0.0|nan|nan|nan|TAKE PROFIT
2025-03-05 09:40:13,898|INFO|sell|94136.68|0.00379|29.155332999999988|0.0|nan|nan|nan|TAKE PROFIT
2025-03-05 09:40:14,814|INFO|sell|94136.68|0.00362|29.208585399999993|0.0|nan|nan|nan|TAKE PROFIT
2025-03-08 00:27:44,325|INFO|buy|86132.72|0.00581|0|0.4976318919946373|39.41492963789016|0.056749770253318156|0.044873982973949504|BUY
2025-03-08 07:13:04,280|INFO|buy|85825.69|0.00554|0|0.36643622918371055|38.78615824886157|0.401210765449288|0.3615545301999643|BUY
2025-03-08 07:44:15,851|INFO|buy|85839.6|0.00526|0|0.43209640064776944|38.88534462791709|0.4080518899929752|0.36383490504786|BUY
2025-03-09 01:55:32,738|INFO|buy|86008.32|0.00499|0|1.0575309674870395|39.57478022190468|0.5560006090473383|0.5554404798223181|BUY
2025-03-09 08:09:41,508|INFO|buy|84309.53|0.00484|0|0.9056356291849532|23.76809752145232|0.06517351770609721|0.043449011804064804|BUY
2025-03-09 08:40:53,081|INFO|buy|84731.57|0.00457|0|1.0507687150724916|27.50052847563063|0.08744961913738025|0.050874378947825816|BUY
2025-03-09 09:12:04,126|INFO|buy|84510.98|0.00436|0|0.26183267497693713|24.66578541744873|0.07463389015814381|0.07229627882812113|BUY
2025-03-09 09:43:15,155|INFO|buy|84288.0|0.00415|0|0.5147952787567694|22.769655723202064|0.0738746204147295|0.0720431889136497|BUY
2025-03-09 12:19:09,472|INFO|buy|83509.1|0.00398|0|79.48034079903856|25.30013493943838|0.09709330086159661|0.03355849184042956|BUY
2025-03-09 14:23:53,192|INFO|buy|82428.03|0.00383|0|78.87237070242496|14.533199516696925|0.01641901296099067|0.005473004320330223|BUY
2025-03-09 14:55:04,762|INFO|buy|82722.8|0.00362|0|78.87455621876533|21.080219576007238|0.08124268526072086|0.02708089508690695|BUY
2025-03-09 15:26:15,823|INFO|buy|82510.47|0.00345|0|1.0265719174670165|19.054675461472215|0.15506328936252656|0.07935217053460794|BUY
2025-03-09 15:57:27,435|INFO|buy|82604.79|0.00328|0|1.3538058476500172|19.549961330820466|0.16023736958661197|0.08107686394263641|BUY
2025-03-09 16:28:38,995|INFO|buy|82997.48|0.0031|0|78.67628330629053|28.47890025775898|0.3220912643050025|0.18628560049782408|BUY
2025-03-09 16:59:50,069|INFO|buy|83059.23|0.00294|0|78.81555267922468|29.61431964162027|0.3337213851550647|0.19016230744784482|BUY
2025-03-09 17:31:01,755|INFO|buy|82162.01|0.00282|0|79.24068707032376|23.7122421059117|0.4078407487365457|0.30507047753098243|BUY
2025-03-09 18:02:13,408|INFO|buy|81950.12|0.00269|0|0.2751004418316852|23.672605519788206|0.4892221875350676|0.39966499692035945|BUY
2025-03-09 18:33:24,992|INFO|buy|81045.98|0.00258|0|79.88527424785276|18.868843383900725|0.4127975125983019|0.3741901052747709|BUY
2025-03-09 19:35:47,284|INFO|buy|80884.18|0.00246|0|81.19008493459611|22.032942636997902|0.3921147752712155|0.3818122586318864|BUY
2025-03-09 20:06:58,319|INFO|buy|81152.0|0.00233|0|0.7762229024801665|26.040843610864627|0.46901615906400135|0.39040207607568506|BUY
2025-03-09 21:09:20,966|INFO|buy|81735.48|0.0022|0|65.99978128855973|33.308189181639364|0.7666698556737827|0.5476543990092898|BUY
2025-03-09 21:40:31,988|INFO|buy|81491.99|0.00209|0|65.99978128855973|30.339950042340078|0.7666698556737827|0.5476543990092898|BUY
2025-03-09 22:11:43,224|INFO|buy|81547.53|0.00199|0|78.13566567515956|32.224524402884626|0.9458991944817384|0.7431157281462886|BUY
2025-03-09 23:14:05,458|INFO|buy|81926.47|0.00188|0|0.49823601463729494|36.7799576117356|0.9759777196147899|0.9063435976886766|BUY
2025-03-09 23:45:16,512|INFO|buy|82248.0|0.00178|0|78.09279413165179|39.11537985209916|1.0|0.9143510244837465|BUY
2025-03-10 15:20:39,842|INFO|buy|78384.64|0.00177|0|62.473783792285644|33.34926373405136|0.07389598439473029|0.04104253320597787|BUY
2025-03-10 15:51:51,520|INFO|buy|79104.82|0.00167|0|79.18738651676007|37.95759917621615|0.12933796632271102|0.05952319384863811|BUY
2025-03-10 16:23:02,560|INFO|buy|78928.27|0.00159|0|0.7211022186202035|36.97935517842687|0.23661206688302153|0.1185990368050494|BUY
2025-03-10 16:54:14,203|INFO|buy|79383.32|0.0015|0|11.91072333096951|39.760288713128965|0.2700460479165661|0.12974369714956427|BUY
2025-03-10 18:27:46,686|INFO|buy|79253.76|0.00143|0|0.7276701527094935|39.45196634447332|0.4553990918571966|0.3828390853999502|BUY
2025-03-10 19:30:08,427|INFO|buy|79176.0|0.00136|0|2.3449501235523447|39.166487200571204|0.4693377923069715|0.45588053840144527|BUY
2025-03-10 20:32:30,754|INFO|sell|77320.48|0.00581|-51.19911440000003|2.4510124921552983|31.95544409720479|0.3260278160683727|0.40830337156478674|STOP LOSS
2025-03-10 20:32:31,103|INFO|sell|77320.48|0.00499|-43.35232160000005|2.4510124921552983|31.95544409720479|0.3260278160683727|0.40830337156478674|STOP LOSS
2025-03-11 06:23:46,383|INFO|sell|81572.87|0.00177|5.643167099999993|0.5003891192849633|58.29516241145516|1.0|0.9984643852410287|TAKE PROFIT
2025-03-11 14:11:26,647|INFO|sell|82106.94|0.00159|5.054085299999997|11.427874311260492|59.35919992587238|0.7482497819048688|0.6164254460715489|TAKE PROFIT
2025-03-11 14:42:38,202|INFO|sell|82730.73|0.00167|6.0552696999999815|12.275444865341658|62.42474742115142|0.7623625088947383|0.6211296884015054|TAKE PROFIT
2025-03-11 14:42:39,124|INFO|sell|82730.73|0.0015|5.021114999999983|12.275444865341658|62.42474742115142|0.7623625088947383|0.6211296884015054|TAKE PROFIT
2025-03-11 14:42:40,062|INFO|sell|82730.73|0.00143|4.972067100000002|12.275444865341658|62.42474742115142|0.7623625088947383|0.6211296884015054|TAKE PROFIT
2025-03-11 14:42:40,423|INFO|sell|82730.73|0.00136|4.834432799999995|12.275444865341658|62.42474742115142|0.7623625088947383|0.6211296884015054|TAKE PROFIT
2025-03-12 23:25:44,842|INFO|sell|84150.21|0.00246|8.034433800000032|0.740262894537232|62.78230461596|0.8888955090562648|0.7818677834047487|TAKE PROFIT
2025-03-13 10:20:28,344|INFO|buy|82046.62|0.00235|0|0.5195003283389686|39.90964235264966|0.043390338387295994|0.03335058850068338|BUY
2025-03-13 10:51:39,854|INFO|buy|81986.16|0.00223|0|66.69819079299148|39.08107239496969|0.03220453880495699|0.029621988639903712|BUY
2025-03-13 11:22:51,400|INFO|buy|81636.91|0.00213|0|63.83989666012629|35.29164016909802|0.005577219893825082|0.003718146595883388|BUY
2025-03-13 11:54:02,364|INFO|buy|81100.0|0.00203|0|78.79726590120879|31.246637255080543|0.005577219893825082|0.003718146595883388|BUY
2025-03-13 12:25:13,311|INFO|buy|81119.61|0.00193|0|78.18649708459866|31.647561537148235|0.022821376233065682|0.011422014662330107|BUY
2025-03-13 14:29:56,674|INFO|buy|80903.01|0.00184|0|1.4785375000000023|36.82763080369014|0.13016814611122454|0.04515788939029481|BUY
2025-03-13 15:01:07,633|INFO|buy|80780.0|0.00175|0|0.051710166188967684|35.704419647795305|0.2334224571009065|0.11715709348328646|BUY
2025-03-13 15:32:18,585|INFO|buy|80530.02|0.00167|0|0.8385609601485282|34.0360842454527|0.2159516551130014|0.11133349282065141|BUY
2025-03-13 16:03:29,542|INFO|buy|80460.45|0.00159|0|0.3431333253336152|34.23635905221859|0.30863607717726443|0.21117974636058354|BUY
2025-03-13 16:34:41,053|INFO|buy|80650.94|0.0015|0|0.6649561865820718|36.5392815141918|0.33281674852599724|0.21923997014349447|BUY
2025-03-13 17:05:52,688|INFO|buy|80370.39|0.00143|0|0.11032033341255598|33.32131813243373|0.26181342324741835|0.25069948334837916|BUY
2025-03-13 17:37:04,224|INFO|buy|80558.94|0.00136|0|0.46821119281603785|35.83784867489936|0.287508175730971|0.25926440084289676|BUY
2025-03-14 11:17:08,569|INFO|sell|84355.84|0.00258|8.539438800000001|1.1787434380957602|72.55003916761149|0.9534219898327123|0.9689479932218082|TAKE PROFIT
2025-03-14 11:17:08,914|INFO|sell|84355.84|0.00203|6.609355199999993|1.1787434380957602|72.55003916761149|0.9534219898327123|0.9689479932218082|TAKE PROFIT
2025-03-14 11:17:09,825|INFO|sell|84355.84|0.00184|6.3532072000000035|1.1787434380957602|72.55003916761149|0.9534219898327123|0.9689479932218082|TAKE PROFIT
2025-03-14 11:17:10,762|INFO|sell|84355.84|0.00175|6.257719999999994|1.1787434380957602|72.55003916761149|0.9534219898327123|0.9689479932218082|TAKE PROFIT
2025-03-14 11:17:11,113|INFO|sell|84355.84|0.00167|6.389119399999988|1.1787434380957602|72.55003916761149|0.9534219898327123|0.9689479932218082|TAKE PROFIT
2025-03-14 11:17:11,462|INFO|sell|84355.84|0.00159|6.193670099999999|1.1787434380957602|72.55003916761149|0.9534219898327123|0.9689479932218082|TAKE PROFIT
2025-03-14 11:17:11,809|INFO|sell|84355.84|0.0015|5.557349999999992|1.1787434380957602|72.55003916761149|0.9534219898327123|0.9689479932218082|TAKE PROFIT
2025-03-14 11:17:12,164|INFO|sell|84355.84|0.00143|5.699193499999996|1.1787434380957602|72.55003916761149|0.9534219898327123|0.9689479932218082|TAKE PROFIT
2025-03-14 11:17:12,514|INFO|sell|84355.84|0.00136|5.163783999999993|1.1787434380957602|72.55003916761149|0.9534219898327123|0.9689479932218082|TAKE PROFIT
2025-03-14 11:47:13,459|INFO|sell|84972.04|0.00233|8.900693199999985|81.00807911152657|76.08028465558992|0.9534219898327123|0.9689479932218082|TAKE PROFIT
2025-03-14 11:47:14,366|INFO|sell|84972.04|0.00209|7.273304499999975|81.00807911152657|76.08028465558992|0.9534219898327123|0.9689479932218082|TAKE PROFIT
2025-03-14 11:47:14,716|INFO|sell|84972.04|0.00199|6.81477489999999|81.00807911152657|76.08028465558992|0.9534219898327123|0.9689479932218082|TAKE PROFIT
2025-03-14 11:47:15,067|INFO|sell|84972.04|0.00213|7.103826899999979|81.00807911152657|76.08028465558992|0.9534219898327123|0.9689479932218082|TAKE PROFIT
2025-03-14 11:47:15,423|INFO|sell|84972.04|0.00193|7.435189899999987|81.00807911152657|76.08028465558992|0.9534219898327123|0.9689479932218082|TAKE PROFIT
2025-03-16 09:27:53,695|INFO|buy|82886.79|0.00259|0|0.5215307368713282|32.30123483416179|0.20388042041767576|0.11339159392214625|BUY
2025-03-16 09:59:05,213|INFO|buy|82570.93|0.00247|0|0.7286835622795372|27.764123768947016|0.15845999002527575|0.09825145045801291|BUY
2025-03-16 10:30:16,735|INFO|buy|82878.67|0.00234|0|0.4201443621985075|34.632947130815694|0.2841773327578475|0.17450331351888718|BUY
2025-03-16 11:32:38,904|INFO|buy|83090.91|0.00222|0|0.589109483488047|39.68855363404319|0.47436898543156764|0.33618949907185564|BUY
2025-03-28 03:00:46,639|INFO|buy|85709.36|0.00204|0|0.03985587462171492|29.18144128543878|0.007060754832529597|0.0023535849441765322|BUY
2025-03-28 03:01:48,017|INFO|buy|85713.0|0.00194|0|0.045644604874228265|29.273951698910565|0.008052997377125422|0.0026843324590418074|BUY
2025-03-28 03:02:48,758|INFO|buy|85693.99|0.00184|0|0.13880114696221507|28.788130277788284|0.002842203640260854|0.0009474012134202847|BUY
2025-03-28 03:03:49,506|INFO|buy|85749.99|0.00175|0|0.13880114696221507|30.200522599515963|0.01799115497108692|0.0059970516570289735|BUY
2025-03-28 03:04:50,250|INFO|buy|85789.99|0.00166|0|0.1765446018748298|31.175551887277237|0.028449064575379882|0.009483021525126627|BUY
2025-03-28 03:05:51,573|INFO|buy|85809.38|0.00158|0|0.1765446018748298|31.6384603741879|0.033414100161425826|0.011138033387141942|BUY
2025-03-28 03:06:52,318|INFO|buy|85788.12|0.0015|0|0.1765446018748298|31.130576640805046|0.027966671822730455|0.009322223940910151|BUY
2025-03-28 03:07:53,645|INFO|buy|85779.62|0.00142|0|0.1765446018748298|30.925400664743364|0.02576600786569966|0.008588669288566553|BUY
2025-03-28 03:09:55,426|INFO|buy|85812.47|0.00135|0|0.23684776561429785|31.711655078881137|0.034199167456124564|0.011399722485374854|BUY
2025-03-28 03:10:56,168|INFO|buy|85839.76|0.00128|0|0.23684776561429785|32.3513487094053|0.04106035434192982|0.013686784780643273|BUY
2025-03-28 03:11:57,469|INFO|buy|85842.53|0.00122|0|0.23684776561429785|32.4156097971312|0.04174960199320191|0.013916533997733968|BUY
2025-03-28 03:12:58,214|INFO|buy|85747.61|0.00116|0|0.23684776561429785|30.141636838121926|0.017359561666794723|0.005786520555598241|BUY
2025-03-28 03:13:58,956|INFO|buy|85712.8|0.0011|0|0.23684776561429785|29.268874984698016|0.007998545865783056|0.0026661819552610184|BUY
2025-03-28 03:14:59,701|INFO|buy|85701.96|0.00105|0|0.23684776561429785|28.99262257048271|0.005035534587973394|0.0016785115293244648|BUY
2025-03-28 03:16:01,009|INFO|buy|85709.81|0.001|0|0.23684776561429785|29.192891120246884|0.007183562771645124|0.002394520923881708|BUY
2025-03-28 03:17:01,759|INFO|buy|85754.31|0.00095|0|0.23684776561429785|30.3071544328742|0.019134860178918068|0.006378286726306023|BUY
2025-03-28 03:18:02,503|INFO|buy|85760.01|0.0009|0|0.23684776561429785|30.447351679716448|0.020638579249360963|0.006879526416453654|BUY
2025-03-28 03:19:03,244|INFO|buy|85812.76|0.00085|0|0.23684776561429785|31.718516440276105|0.034272760627254546|0.011424253542418182|BUY
2025-03-28 03:20:03,989|INFO|buy|85814.0|0.00081|0|0.23684776561429785|31.747839129711238|0.03458726813930219|0.011529089379767397|BUY
2025-03-28 03:21:04,738|INFO|buy|85756.17|0.00077|0|0.23684776561429785|30.35296509137349|0.019626213342881723|0.006542071114293908|BUY
2025-03-28 03:22:06,051|INFO|buy|85773.13|0.00073|0|0.23684776561429785|30.767917829195696|0.024076888083291146|0.00802562936109705|BUY
2025-03-28 03:23:07,359|INFO|buy|85799.97|0.00069|0|0.23684776561429785|31.414590344463846|0.031012928664987904|0.010337642888329302|BUY
2025-03-28 03:24:08,675|INFO|buy|85741.23|0.00066|0|0.23684776561429785|29.983292137887986|0.015661197748755316|0.005220399249585106|BUY
2025-03-28 03:25:09,420|INFO|buy|85731.59|0.00063|0|0.23684776561429785|29.742671366575678|0.013080362170906008|0.004360120723635336|BUY
2025-03-28 03:26:10,734|INFO|buy|85709.6|0.0006|0|0.23684776561429785|29.187548324779044|0.007126257342220346|0.0023754191140734487|BUY
2025-03-28 04:03:28,175|INFO|buy|85241.71|0.00057|0|0.3296377504385192|24.659698525334065|0.0013774585366802085|0.0004591528455600695|BUY
2025-03-28 04:04:28,915|INFO|buy|85247.89|0.00054|0|0.3296377504385192|24.81557459743027|0.0028597627093269675|0.0009532542364423225|BUY
2025-03-28 04:05:30,237|INFO|buy|85349.27|0.00051|0|0.3296377504385192|27.283592613751367|0.026329390565372954|0.008776463521790985|BUY
2025-03-28 04:06:30,982|INFO|buy|85340.02|0.00049|0|0.3296377504385192|27.065146157605355|0.024252073058646965|0.008084024352882321|BUY
2025-03-28 04:07:32,301|INFO|buy|85411.49|0.00046|0|0.3489488419152609|28.719637647341273|0.03998546693920654|0.013328488979735514|BUY
2025-03-28 04:08:33,042|INFO|buy|85413.78|0.00044|0|0.37658974806300155|28.771409710225228|0.0404777935920879|0.0134925978640293|BUY
2025-03-28 04:09:33,790|INFO|buy|85399.6|0.00042|0|0.637981678865944|28.44961545106362|0.03741768971164996|0.012472563237216653|BUY
2025-03-28 04:10:35,119|INFO|buy|85419.12|0.0004|0|0.637981678865944|28.891844167931367|0.04162306558148007|0.01387435519382669|BUY
2025-03-28 04:11:36,434|INFO|buy|85390.0|0.00038|0|0.637981678865944|28.230101930797233|0.03533022495411859|0.011776741651372864|BUY
2025-03-28 04:12:37,183|INFO|buy|85374.29|0.00036|0|0.637981678865944|27.867956935731428|0.03188640557844259|0.010628801859480863|BUY
2025-03-28 04:13:37,929|INFO|buy|85370.86|0.00034|0|0.637981678865944|27.788402381503047|0.03112988120558696|0.010376627068528986|BUY
2025-03-28 04:14:39,242|INFO|buy|85326.5|0.00032|0|0.637981678865944|26.743488584105222|0.021193268991089986|0.007064422997029995|BUY
2025-03-28 04:15:40,010|INFO|buy|85304.59|0.00031|0|0.637981678865944|26.216154752091214|0.016178585665674077|0.005392861888558025|BUY
2025-03-28 04:16:41,898|INFO|buy|85355.47|0.00029|0|0.637981678865944|27.429279773498124|0.027714803232561466|0.009238267744187156|BUY
2025-03-28 04:17:43,209|INFO|buy|85293.5|0.00028|0|0.637981678865944|25.946334133975895|0.013612725346512236|0.004537575115504079|BUY
2025-03-28 04:18:43,957|INFO|buy|85337.0|0.00026|0|0.637981678865944|26.993541861615768|0.023571151700433047|0.007857050566811016|BUY
2025-03-28 04:19:44,695|INFO|buy|85253.6|0.00025|0|0.637981678865944|24.959023822983625|0.004223893731755131|0.0014079645772517102|BUY
2025-03-28 04:47:56,814|INFO|buy|85265.99|0.00024|0|74.85458900635751|25.268416269829814|0.007166062525067064|0.0023886875083556883|BUY
2025-03-28 04:48:57,562|INFO|buy|85312.92|0.00023|0|74.85458900635751|26.417534762905476|0.018093609737703516|0.006031203245901172|BUY
2025-03-28 04:49:58,304|INFO|buy|85326.26|0.00021|0|74.85458900635751|26.737753055516563|0.021138726957505405|0.007046242319168468|BUY
2025-03-28 04:50:59,046|INFO|buy|85385.33|0.0002|0|74.85458900635751|28.12283004413976|0.03431012249027205|0.01143670749675735|BUY
2025-03-28 04:51:59,783|INFO|buy|85330.2|0.00019|0|74.85458900635751|26.831797810653413|0.02203304595772281|0.0073443486525742695|BUY
2025-03-28 04:53:00,518|INFO|buy|85287.71|0.00018|0|74.85458900635751|25.804677344893435|0.012265639506351496|0.004088546502117165|BUY
2025-03-28 04:54:01,258|INFO|buy|85273.66|0.00018|0|74.85458900635751|25.458669670823113|0.00897527805353219|0.0029917593511773967|BUY
2025-03-28 04:55:02,004|INFO|buy|85263.73|0.00017|0|74.85458900635751|25.212171870083594|0.006631206165712708|0.0022104020552375695|BUY
2025-03-28 04:56:03,320|INFO|buy|85251.49|0.00016|0|74.85458900635751|24.906079249989205|0.0037204170889757796|0.0012401390296585932|BUY
2025-03-28 04:57:04,057|INFO|buy|85255.19|0.00015|0|74.85458900635751|24.99887114496798|0.004602822010174616|0.0015342740033915385|BUY
2025-03-28 04:59:05,759|INFO|buy|85244.08|0.00014|0|74.85458900635751|24.719552587589845|0.001946640997069921|0.0006488803323566403|BUY
2025-03-28 05:03:07,714|INFO|buy|85234.53|0.00014|0|0.039831489919461886|25.018969600734394|0.004868182825141291|0.0016227276083804303|BUY
2025-03-28 05:04:08,455|INFO|buy|85225.4|0.00013|0|0.039831489919461886|24.77231312785929|0.0025879705679714426|0.0008626568559904809|BUY
2025-03-28 05:10:11,206|INFO|buy|85230.71|0.00012|0|0.06725010315709719|24.915965386053585|0.0039159618267721776|0.0013053206089240592|BUY
2025-03-28 05:22:16,354|INFO|buy|85237.11|0.00012|0|0.3641970869160633|25.08837814516781|0.005509829127484756|0.0018366097091615855|BUY
2025-03-28 05:28:19,119|INFO|buy|85291.44|0.00011|0|0.4254167376965641|26.520719162518787|0.018751085301064407|0.006250361767021469|BUY
2025-03-28 05:29:19,855|INFO|buy|85270.03|0.0001|0|0.42547539968466686|25.962860964572883|0.013593973120339088|0.004531324373446363|BUY
2025-03-28 05:30:20,599|INFO|buy|85320.0|0.0001|0|0.45897139488938765|27.25192097129603|0.025510670027968727|0.008503556675989576|BUY
2025-03-28 13:04:33,556|INFO|buy|83890.58|0.0001|0|0.19121355629289377|19.540127771219304|0.06199697734874531|0.04669329155332147|BUY
2025-04-06 11:11:38,976|INFO|buy|75536.03|0.0001|0|71.43414934545672|8.882775319562981|0.13086180506294412|0.08724120337529608|BUY
2025-04-07 04:05:44,642|INFO|buy|75775.86|0.0001|0|0.8887382096889447|27.394045533584233|0.4359606764563205|0.4266973005311237|BUY
