symbol,entry_time,exit_time,qty,entry_price,exit_price,reason,pnl,pnl_pct,fees_paid,duration_bars
BTCUSDT,2021-01-10 20:00:00,2021-01-10 20:00:00,0.0008005892336759855,37472.4,36132.9553648331,STOP LOSS,-1.131272609065661,-0.03574483180065602,0.05892765504598031,1
BTCUSDT,2021-01-10 23:00:00,2021-01-11 00:00:00,0.0007563438573198058,38429.85,36910.71129064807,STOP LOSS,-1.2059746019742779,-0.039530175354624886,0.056983370739208006,2
BTCUSDT,2021-01-11 00:00:00,2021-01-11 00:00:00,0.0007390120259500608,38150.02,36658.29798417321,STOP LOSS,-1.157684755701864,-0.039101474018278015,0.05528424663140021,1
BTCUSDT,2021-01-10 21:00:00,2021-01-11 02:00:00,0.0007942807930738738,37727.29,36196.1210530593,STOP LOSS,-1.2748940310640968,-0.040585182422079646,0.058715945557949914,6
BTCUSDT,2021-01-11 01:00:00,2021-01-11 03:00:00,0.0007796083362996781,37192.1,35617.95741387512,STOP LOSS,-1.2839780103936047,-0.042324649216497034,0.056763327726315226,3
BTCUSDT,2021-01-11 02:00:00,2021-01-11 03:00:00,0.0007552712941013868,37237.67,35655.54724145547,STOP LOSS,-1.249986057790351,-0.042487157723470115,0.05505415451716759,2
BTCUSDT,2021-01-14 22:00:00,2021-01-15 06:00:00,0.0007678967423123086,38782.41,37648.505824790875,STOP LOSS,-0.9294123735112185,-0.029237589288781396,0.058691051273803196,9
BTCUSDT,2021-01-16 01:00:00,2021-01-16 05:00:00,0.0007533164403053044,37159.51,35824.74215840057,STOP LOSS,-1.0604827961019885,-0.03591995270119086,0.054980237034311055,5
BTCUSDT,2021-01-16 02:00:00,2021-01-16 05:00:00,0.0007337698632975348,37003.76,35682.19486137196,STOP LOSS,-1.0230594342721673,-0.03571434736978196,0.05333476316227969,4
BTCUSDT,2021-01-16 09:00:00,2021-01-16 21:00:00,0.0007026872249299813,37462.57,36124.39065996697,STOP LOSS,-0.9920301440836262,-0.03572043615889209,0.051708617177183905,13
BTCUSDT,2021-01-16 00:00:00,2021-01-16 22:00:00,0.0007855617885870818,36737.43,35381.20463212369,STOP LOSS,-1.1220524693281548,-0.03691671866748181,0.05665364361206934,23
BTCUSDT,2021-01-15 23:00:00,2021-01-17 06:00:00,0.000812923604557786,36600.0,35195.616526902435,STOP LOSS,-1.2000208265103531,-0.038371133144742164,0.05836435137849808,32
BTCUSDT,2021-01-16 04:00:00,2021-01-17 06:00:00,0.0007209076644263979,36532.92,35176.44230393806,STOP LOSS,-1.029590996610549,-0.03713028403045626,0.05169582889603837,27
BTCUSDT,2021-01-16 08:00:00,2021-01-17 06:00:00,0.0007422102646619729,36565.74,35254.32994150289,STOP LOSS,-1.026647599716837,-0.03586444738974537,0.05330559311932426,23
BTCUSDT,2021-02-01 03:00:00,2021-02-02 11:00:00,0.0008776396205241828,33646.37,34750.50716281562,TAKE PROFIT,0.9090067112619352,0.0328159371372192,0.06002780931821265,33
BTCUSDT,2021-02-01 04:00:00,2021-02-02 11:00:00,0.0008531381351293009,33573.25,34750.50716281562,TAKE PROFIT,0.9460733776812198,0.03506533215627394,0.05828960277091173,32
BTCUSDT,2021-02-02 17:00:00,2021-02-03 08:00:00,0.000846144600340132,34964.52,36075.38846027666,TAKE PROFIT,0.8798453143989372,0.03177130589170574,0.06011003495232037,16
BTCUSDT,2021-02-02 20:00:00,2021-02-04 02:00:00,0.0008024316574761785,35762.05,37612.49602951474,TAKE PROFIT,1.4259784159466977,0.05174328735390543,0.05887805858702567,31
BTCUSDT,2021-02-04 14:00:00,2021-02-04 14:00:00,0.0007652447550908483,37587.58,36701.127170863765,STOP LOSS,-0.7352024216569325,-0.023583663250899223,0.05684904352498339,1
BTCUSDT,2021-02-04 09:00:00,2021-02-04 15:00:00,0.0007941864311547575,37339.11,36488.98505167787,STOP LOSS,-0.7337909700716234,-0.022767681080832713,0.05863327132804626,7
BTCUSDT,2021-02-04 15:00:00,2021-02-06 05:00:00,0.000781125838022347,36795.15,38737.802581501564,TAKE PROFIT,1.4584553848281565,0.0527964305486337,0.05900074088352761,39
BTCUSDT,2021-02-04 19:00:00,2021-02-06 05:00:00,0.0007739464409059703,37143.44,38737.802581501564,TAKE PROFIT,1.1752232278393133,0.042924472841006756,0.058728017627475704,35
BTCUSDT,2021-02-04 20:00:00,2021-02-06 05:00:00,0.0007442182674083982,37467.18,38737.802581501564,TAKE PROFIT,0.888907396030388,0.033912949453403396,0.05671314010469226,34
BTCUSDT,2021-02-07 09:00:00,2021-02-07 12:00:00,0.0007078491043447223,39496.96,38620.7072028495,STOP LOSS,-0.675550278405573,-0.022185322545089425,0.05529552076303611,4
BTCUSDT,2021-02-07 08:00:00,2021-02-07 15:00:00,0.0007384949051621347,39030.0,38144.93314153023,STOP LOSS,-0.7106106606390302,-0.02267657849012994,0.05699329493124845,8
BTCUSDT,2021-02-07 05:00:00,2021-02-07 16:00:00,0.0007756069753862593,38312.99,37410.60111076875,STOP LOSS,-0.7586308624656221,-0.023553079235821728,0.058731745466809177,12
BTCUSDT,2021-02-07 18:00:00,2021-02-08 13:00:00,0.0007829676595783776,37870.63,42057.0770240389,TAKE PROFIT,3.215271818656528,0.11054600950760274,0.06258080970407799,20
BTCUSDT,2021-02-07 19:00:00,2021-02-08 13:00:00,0.0007521317594240384,38239.37,42057.0770240389,TAKE PROFIT,2.8110251929801984,0.09983707953449295,0.06039350797568947,19
BTCUSDT,2021-02-07 20:00:00,2021-02-08 13:00:00,0.0007331760963707404,38050.0,42057.0770240389,TAKE PROFIT,2.879160496317571,0.10531082848985296,0.05873259402415507,18
BTCUSDT,2021-02-07 21:00:00,2021-02-08 13:00:00,0.0007033588367316212,38471.96,42057.0770240389,TAKE PROFIT,2.4649829297703896,0.09318779246076625,0.05664080980434566,17
BTCUSDT,2021-02-07 22:00:00,2021-02-08 13:00:00,0.0006812027357542355,38530.37,42057.0770240389,TAKE PROFIT,2.3475060835987525,0.09153057767259698,0.05489638938022483,16
BTCUSDT,2021-02-10 21:00:00,2021-02-11 17:00:00,0.0006747305317581565,44555.59,47033.15198986832,TAKE PROFIT,1.6098889983017646,0.05560608646116738,0.06179772058588445,20
BTCUSDT,2021-02-11 01:00:00,2021-02-11 17:00:00,0.0006589881250844167,44250.0,47033.15198986832,TAKE PROFIT,1.7739095984466875,0.06289609016651565,0.060154513181599166,16
BTCUSDT,2021-02-11 02:00:00,2021-02-11 17:00:00,0.0006402103163280787,44180.08,47033.15198986832,TAKE PROFIT,1.7681704690348359,0.06457824408349455,0.05839565210554003,15
BTCUSDT,2021-02-11 08:00:00,2021-02-11 17:00:00,0.0006137619276542297,44700.0,47033.15198986832,TAKE PROFIT,1.375697546616781,0.05219579395678564,0.05630231619510002,10
BTCUSDT,2021-02-11 09:00:00,2021-02-11 17:00:00,0.00059113833562946,45017.01,47033.15198986832,TAKE PROFIT,1.1374044407303112,0.044786226136927176,0.05441437955311294,9
BTCUSDT,2021-02-11 18:00:00,2021-02-12 14:00:00,0.0006395451180317434,47366.43,46188.7842620392,STOP LOSS,-0.8129903630314226,-0.024862455075478684,0.0598327805477009,21
BTCUSDT,2021-02-11 19:00:00,2021-02-12 14:00:00,0.0006166071121020874,47653.15,46484.67217189354,STOP LOSS,-0.7785377898130376,-0.024520474052742935,0.05804605066899113,20
BTCUSDT,2021-02-12 12:00:00,2021-02-12 14:00:00,0.0005992610516010585,47560.06,46501.79178277071,STOP LOSS,-0.6905465289476844,-0.022251196008358343,0.056367604214886076,3
BTCUSDT,2021-02-15 07:00:00,2021-02-16 06:00:00,0.0006446195056543714,46887.36,48831.20917572154,TAKE PROFIT,1.1913410379762777,0.04145785080929132,0.06170205674399737,24
BTCUSDT,2021-02-15 08:00:00,2021-02-16 06:00:00,0.0006201936701472302,47270.5,48831.20917572154,TAKE PROFIT,0.9083402800020869,0.03301655738190923,0.0596016717211125,23
BTCUSDT,2021-02-15 09:00:00,2021-02-16 06:00:00,0.000597405030088388,47600.0,48831.20917572154,TAKE PROFIT,0.6779220652479435,0.025865738985746622,0.05760848941908156,22
BTCUSDT,2021-02-15 10:00:00,2021-02-16 06:00:00,0.0005806155760956132,47505.67,48831.20917572154,TAKE PROFIT,0.7136939995470013,0.027902757201856865,0.055934692601865045,21
BTCUSDT,2021-02-15 11:00:00,2021-02-16 06:00:00,0.0005591271496661483,47849.99,48831.20917572154,TAKE PROFIT,0.494569197597526,0.020506152158475732,0.05405708332142635,20
BTCUSDT,2021-02-21 01:00:00,2021-02-21 21:00:00,0.0005434603742288598,55834.95,57390.219802639826,TAKE PROFIT,0.7836941158164172,0.02785477201358333,0.06153339315306883,21
BTCUSDT,2021-02-22 09:00:00,2021-02-22 10:00:00,0.0005473532040908595,55480.8,54163.48259270234,STOP LOSS,-0.7810520530763984,-0.023743662804026955,0.060014149387359286,2
BTCUSDT,2021-03-03 21:00:00,2021-03-04 04:00:00,0.0006005899003488419,50523.93,49395.95996726524,STOP LOSS,-0.7374582863149566,-0.022325461078240738,0.06001087675830708,8
BTCUSDT,2021-03-09 09:00:00,2021-03-10 20:00:00,0.0005612719569534536,54023.79,56135.9900251255,TAKE PROFIT,1.12368904626706,0.03909759061934559,0.06182959531226416,36
BTCUSDT,2021-03-10 07:00:00,2021-03-10 20:00:00,0.0005460279428366803,53864.4,56135.9900251255,TAKE PROFIT,1.1802883417109482,0.04217238148249125,0.06006328667665176,14
BTCUSDT,2021-03-10 08:00:00,2021-03-10 20:00:00,0.0005265701989107723,54177.47,56135.9900251255,TAKE PROFIT,0.9732104986130998,0.03615008277657661,0.05808778058796586,13
BTCUSDT,2021-03-11 00:00:00,2021-03-11 08:00:00,0.000544664063671959,55851.59,54623.479736644615,STOP LOSS,-0.729079327093586,-0.021988814702596282,0.06017180041720392,9
BTCUSDT,2021-03-11 01:00:00,2021-03-11 08:00:00,0.0005306263401671677,55607.55,54360.55689831286,STOP LOSS,-0.7200393598605164,-0.02242488837733625,0.05835197409856363,8
BTCUSDT,2021-03-11 02:00:00,2021-03-11 08:00:00,0.0005130828366216867,55781.91,54540.72283414766,STOP LOSS,-0.6934364812320706,-0.022250711132916434,0.05660464939811732,7
BTCUSDT,2021-03-15 12:00:00,2021-03-16 00:00:00,0.0005406170048671535,56150.8,54684.051932115915,STOP LOSS,-0.8528681530406147,-0.026121588078604208,0.059919205686434954,13
BTCUSDT,2021-03-16 22:00:00,2021-03-17 05:00:00,0.0005372973878222244,56450.1,55242.16710295076,STOP LOSS,-0.7090311536034436,-0.02139824193489892,0.06001196335435761,8
BTCUSDT,2021-03-16 23:00:00,2021-03-17 09:00:00,0.0005230772978928044,56243.44,55058.12266702572,STOP LOSS,-0.6782319083288094,-0.021074765927800443,0.05821932065111446,11
BTCUSDT,2021-03-18 00:00:00,2021-03-18 12:00:00,0.0004986898218309245,58912.97,57649.142978031654,STOP LOSS,-0.6883860117637536,-0.021452441151215917,0.058128339353250694,13
BTCUSDT,2021-03-17 22:00:00,2021-03-18 20:00:00,0.0005184010708049477,58427.49,57134.968098782265,STOP LOSS,-0.7299524396533803,-0.022121811175146,0.05990770202326062,23
BTCUSDT,2021-04-14 22:00:00,2021-04-16 04:00:00,0.00048183152050108386,62773.65,61520.45485896111,STOP LOSS,-0.6637177378248548,-0.01996371313503187,0.05988881753351439,31
BTCUSDT,2021-04-15 01:00:00,2021-04-16 04:00:00,0.0004678737922079415,62705.0,61523.32156528337,STOP LOSS,-0.6109995463315919,-0.018845043213725043,0.05812317591037673,28
BTCUSDT,2021-04-15 02:00:00,2021-04-16 04:00:00,0.00045414938834837065,62660.01,61502.58931062027,STOP LOSS,-0.5820302666762164,-0.018471441185210935,0.05638836853266203,27
BTCUSDT,2021-05-09 15:00:00,2021-05-10 07:00:00,0.0005280767103610034,57170.9,58651.616754149596,TAKE PROFIT,0.720768858874477,0.025899832854644478,0.06116317363326351,17
BTCUSDT,2021-06-05 01:00:00,2021-06-05 09:00:00,0.0008017507137504531,37682.84,36852.59863456377,STOP LOSS,-0.7254054484486082,-0.022032345901641825,0.0597588411249646,9
BTCUSDT,2021-06-05 02:00:00,2021-06-05 09:00:00,0.000777557349930186,37688.5,36885.78301780922,STOP LOSS,-0.6821442712924914,-0.02129872460275095,0.05798578187627141,8
BTCUSDT,2021-06-05 03:00:00,2021-06-05 09:00:00,0.000755180721113462,37639.92,36848.97101653713,STOP LOSS,-0.65356199812826,-0.021013567070888306,0.056252574432810586,7
BTCUSDT,2021-06-05 04:00:00,2021-06-05 09:00:00,0.0007370037808606347,37410.04,36635.56522964162,STOP LOSS,-0.6253627249456563,-0.02070232403810257,0.05457189101035986,6
BTCUSDT,2021-06-05 05:00:00,2021-06-05 09:00:00,0.0007098421385545225,37675.1,36922.95235609579,STOP LOSS,-0.5868589330741624,-0.019964051692078044,0.05295284101645327,5
BTCUSDT,2021-06-13 21:00:00,2021-06-14 16:00:00,0.0007672369818404398,39249.99,40012.62478549778,TAKE PROFIT,0.5243084017310407,0.01943019056814488,0.06081320934080674,20
BTCUSDT,2021-06-13 22:00:00,2021-06-14 16:00:00,0.0007509017881867303,38899.52,40012.62478549778,TAKE PROFIT,0.7765771032404098,0.028614871995792823,0.059255270629080446,19
BTCUSDT,2021-06-13 23:00:00,2021-06-14 16:00:00,0.0007288446052400954,38873.24,40012.62478549778,TAKE PROFIT,0.7729389172240901,0.029310260361569584,0.05749553697860967,18
BTCUSDT,2021-06-14 00:00:00,2021-06-14 16:00:00,0.0007042883225612219,39020.56,40012.62478549778,TAKE PROFIT,0.6430374945110403,0.025424155509243818,0.055662149139249315,17
BTCUSDT,2021-06-14 04:00:00,2021-06-14 16:00:00,0.000683934645356581,38975.14,40012.62478549778,TAKE PROFIT,0.6555493199361927,0.026619141983782013,0.05402246889607846,13
BTCUSDT,2021-06-15 02:00:00,2021-06-16 11:00:00,0.0007568557060341554,39922.03,39087.86992598072,STOP LOSS,-0.6911379053595322,-0.020894730904697956,0.0597990935921661,34
BTCUSDT,2021-06-29 13:00:00,2021-06-30 03:00:00,0.0008428955365216596,35822.33,35023.68824013646,STOP LOSS,-0.7328873672237286,-0.022294522993438592,0.05971579255494311,15
BTCUSDT,2021-06-29 16:00:00,2021-06-30 03:00:00,0.0008079602153991001,36248.99,35465.52228629001,STOP LOSS,-0.6909532155214333,-0.021613504644129033,0.05794247279407229,12
BTCUSDT,2021-06-30 12:00:00,2021-06-30 15:00:00,0.0008651872453140902,34849.99,34169.903861859675,STOP LOSS,-0.648116984276137,-0.019514672404219446,0.05971513184221326,4
BTCUSDT,2021-06-30 14:00:00,2021-06-30 16:00:00,0.0008167129547026374,34734.41,34072.68218190962,STOP LOSS,-0.5966373250819088,-0.01905107408159179,0.05619564356038415,3
BTCUSDT,2021-06-30 13:00:00,2021-07-01 06:00:00,0.0008443319924967221,34638.4,33959.29965744113,STOP LOSS,-0.6313053777703975,-0.019605418915390804,0.05791923243245898,18
BTCUSDT,2021-06-30 15:00:00,2021-07-01 06:00:00,0.0007952913523678583,34598.83,33949.616668916075,STOP LOSS,-0.5708297349070168,-0.018764025577857057,0.05451598685403827,16
BTCUSDT,2021-07-26 01:00:00,2021-07-26 07:00:00,0.000818264400447527,36758.73,37912.86921251657,TAKE PROFIT,0.8832899194027607,0.03139769008658799,0.061101111360087904,7
BTCUSDT,2021-07-26 15:00:00,2021-07-26 20:00:00,0.0007856819874870875,38316.85,37412.61241646316,STOP LOSS,-0.7699424563364385,-0.02359895407730117,0.05949927454269548,6
BTCUSDT,2021-07-27 05:00:00,2021-07-28 06:00:00,0.0008140841463835322,36951.66,39315.91077296427,TAKE PROFIT,1.8626108520957676,0.06398226149959885,0.062088220249454255,26
BTCUSDT,2021-08-02 01:00:00,2021-08-02 20:00:00,0.0007626165849488935,39518.73,38714.320348648806,STOP LOSS,-0.6731179629004018,-0.020355149351995783,0.0596618216870214,20
BTCUSDT,2021-08-02 02:00:00,2021-08-02 20:00:00,0.0007379813079288036,39611.58,38807.03246660246,STOP LOSS,-0.6516125111816755,-0.020310917499315573,0.05787147019406527,19
BTCUSDT,2021-08-06 01:00:00,2021-08-07 13:00:00,0.0007512831239759913,40061.99,43179.764150029725,TAKE PROFIT,2.2797929781828485,0.0778237463997602,0.06253812510307577,37
BTCUSDT,2021-08-06 02:00:00,2021-08-07 13:00:00,0.0007191262008831799,40596.57,43179.764150029725,TAKE PROFIT,1.7973968383533008,0.06363084738512947,0.060245756901230685,36
BTCUSDT,2021-08-06 05:00:00,2021-08-07 13:00:00,0.0007049732788890818,40167.99,43179.764150029725,TAKE PROFIT,2.0644623582886465,0.0749794587687791,0.05875793953118753,33
BTCUSDT,2021-08-06 17:00:00,2021-08-08 02:00:00,0.0006460068264415994,42518.11,43827.707454569936,TAKE PROFIT,0.7902289080323883,0.030800932933517933,0.05577998751033238,34
BTCUSDT,2021-08-08 12:00:00,2021-08-08 17:00:00,0.0006414330434959118,44452.05,43560.99934138373,STOP LOSS,-0.6280038139716727,-0.020045209582376322,0.05645447810639963,6
BTCUSDT,2021-08-08 11:00:00,2021-08-08 18:00:00,0.000662485689799976,44371.93,43486.78082918247,STOP LOSS,-0.6446037976535363,-0.019948403660096203,0.058205138648607574,8
BTCUSDT,2021-08-08 03:00:00,2021-08-09 01:00:00,0.0006899457537005284,43924.98,43008.349503320955,STOP LOSS,-0.692404600441981,-0.020868091383969833,0.05997928154586516,23
BTCUSDT,2021-08-08 15:00:00,2021-08-09 01:00:00,0.000629676432780033,43922.19,42957.51145518223,STOP LOSS,-0.6621414453735792,-0.021963352574581707,0.05470610049329339,11
BTCUSDT,2021-08-08 17:00:00,2021-08-09 20:00:00,0.0006135918384829978,43720.0,45496.483467562924,TAKE PROFIT,1.0352932507827357,0.040633199166581146,0.05474250611384991,28
BTCUSDT,2021-08-08 18:00:00,2021-08-09 20:00:00,0.0006149551428774037,43674.81,45496.483467562924,TAKE PROFIT,1.0654111220062272,0.041709934572421226,0.054836345514908055,27
BTCUSDT,2021-08-08 19:00:00,2021-08-09 20:00:00,0.0006170381125123315,43619.54,45496.483467562924,TAKE PROFIT,1.103157671602347,0.04302987760904675,0.05498798291502966,26
BTCUSDT,2021-08-09 17:00:00,2021-08-09 21:00:00,0.0006059417955822941,45889.96,44987.00396185157,STOP LOSS,-0.6022049538076436,-0.019676548816961792,0.05506615072011177,5
BTCUSDT,2021-08-09 18:00:00,2021-08-09 21:00:00,0.0005884706615570482,45833.4,44966.875821719324,STOP LOSS,-0.5633573548303772,-0.018905954572008166,0.053433298382369626,4
BTCUSDT,2021-08-09 21:00:00,2021-08-12 12:00:00,0.0006308529192977785,45459.35,44544.32711746259,STOP LOSS,-0.6340239391300775,-0.02012837584649596,0.05677908245708595,64
BTCUSDT,2021-08-24 17:00:00,2021-08-25 08:00:00,0.000631260476387583,47950.36,47306.72956624851,STOP LOSS,-0.466430489966396,-0.013422848832657097,0.060132035738884704,16
BTCUSDT,2021-10-01 11:00:00,2021-10-03 20:00:00,0.0006426132017937655,47081.47,48474.01119747017,TAKE PROFIT,0.8334601438147807,0.029577266756330545,0.06140521372125027,58
BTCUSDT,2021-10-01 18:00:00,2021-10-04 21:00:00,0.0006163015850161978,47617.29,48686.85552388319,TAKE PROFIT,0.5998225301178898,0.022461705063080872,0.05935239752999978,76
BTCUSDT,2021-10-21 19:00:00,2021-10-22 14:00:00,0.0004684317816876684,62737.67,61287.45965197291,STOP LOSS,-0.7374219296051407,-0.023115463931432045,0.058097312456917745,20
BTCUSDT,2021-10-21 18:00:00,2021-10-22 15:00:00,0.0004848716934849174,62486.99,61007.495394432364,STOP LOSS,-0.7772440351726253,-0.0236768422605671,0.05987898026924682,22
BTCUSDT,2021-10-22 00:00:00,2021-10-22 15:00:00,0.0004583428774931947,62193.15,60824.27697934636,STOP LOSS,-0.6837973606727141,-0.0220100287676962,0.05638416146352257,16
BTCUSDT,2021-11-11 00:00:00,2021-11-12 12:00:00,0.00046595393270336687,64882.42,63359.14416623125,STOP LOSS,-0.769531026495835,-0.02347748178580189,0.05975466115928662,37
BTCUSDT,2021-11-11 01:00:00,2021-11-12 12:00:00,0.0004515516281379591,64941.29,63435.85958292902,STOP LOSS,-0.7377484667866899,-0.023181406114214598,0.05796891090988192,36
BTCUSDT,2021-11-11 02:00:00,2021-11-12 13:00:00,0.00043935401731445367,64739.9,63257.973541291234,STOP LOSS,-0.7073267229463525,-0.02289046567431785,0.05623637994807372,36
BTCUSDT,2022-02-05 02:00:00,2022-02-07 09:00:00,0.0007308650023410507,41274.08,42381.71279059939,TAKE PROFIT,0.7483889509007033,0.026836038273885032,0.06114109119374388,56
BTCUSDT,2022-02-11 22:00:00,2022-02-12 06:00:00,0.0007096097515903509,42542.02,41710.37787859027,STOP LOSS,-0.6499276823151474,-0.01954872197910984,0.05978632312951784,9
BTCUSDT,2022-02-12 00:00:00,2022-02-15 17:00:00,0.0006910337992443396,42373.73,43883.80146452394,TAKE PROFIT,0.9839035515790706,0.03563697282547307,0.05960686968136815,90
BTCUSDT,2022-02-28 19:00:00,2022-03-01 10:00:00,0.0007328845535741634,41204.65,42911.32799581448,TAKE PROFIT,1.189150640075424,0.04141954842025064,0.06164730098191665,16
BTCUSDT,2022-02-28 20:00:00,2022-03-01 10:00:00,0.0007087296132556151,41329.44,42911.32799581448,TAKE PROFIT,1.0614269405652634,0.038275089036156285,0.059703926922029596,15
BTCUSDT,2022-02-28 21:00:00,2022-03-01 10:00:00,0.0006779546413128971,41908.08,42911.32799581448,TAKE PROFIT,0.6226529238261113,0.023939249801338436,0.057503711324174686,14
BTCUSDT,2022-02-28 22:00:00,2022-03-01 10:00:00,0.0006617498300121623,41645.0,42911.32799581448,TAKE PROFIT,0.7820372002921899,0.03040768389517301,0.05595513567768287,13
BTCUSDT,2022-03-02 16:00:00,2022-03-03 06:00:00,0.0006686497071495593,44126.51,43147.017035861805,STOP LOSS,-0.7132931019204972,-0.022197381214562384,0.05835541829443815,15
BTCUSDT,2022-03-02 18:00:00,2022-03-03 15:00:00,0.0006541488732739552,43750.19,42774.22734214614,STOP LOSS,-0.6950247231076069,-0.022307621014991175,0.05659985011505037,22
BTCUSDT,2022-03-02 20:00:00,2022-03-03 15:00:00,0.0006351694210052486,43704.41,42783.06370317704,STOP LOSS,-0.6401451924946262,-0.02108131185898554,0.05493419859625362,20
BTCUSDT,2022-02-28 23:00:00,2022-03-03 20:00:00,0.0006212687257159417,43026.45,41901.77573785769,STOP LOSS,-0.7514881962681406,-0.026139136790097828,0.05276325058147469,70
BTCUSDT,2022-03-16 19:00:00,2022-03-18 21:00:00,0.0007569021069347428,39931.07,41642.802570581895,TAKE PROFIT,1.2338705531627598,0.042867185141342246,0.06174343601949966,51
BTCUSDT,2022-06-08 07:00:00,2022-06-10 00:00:00,0.0009910327427629507,30534.74,29854.22127918481,STOP LOSS,-0.7342637723201296,-0.022286704285518377,0.059847437929116155,42
BTCUSDT,2022-07-08 20:00:00,2022-07-09 11:00:00,0.0013863487004150935,21811.9,21361.002321806427,STOP LOSS,-0.684954107210829,-0.02067209542467985,0.059852697026984106,16
BTCUSDT,2022-07-18 14:00:00,2022-07-18 19:00:00,0.0013651051845823983,22136.28,21713.789460900472,STOP LOSS,-0.6366039825271494,-0.019085887018935765,0.059859957165373526,6
BTCUSDT,2022-07-18 15:00:00,2022-07-18 19:00:00,0.0013196049466789046,22211.87,21792.562713693296,STOP LOSS,-0.6113884362736214,-0.018877622024021545,0.05806846708478869,5
BTCUSDT,2022-07-19 00:00:00,2022-07-19 03:00:00,0.001195272808118223,22432.58,21885.723095161717,STOP LOSS,-0.7066156508764854,-0.02437779804366169,0.052972462591588484,4
BTCUSDT,2022-07-18 18:00:00,2022-07-20 00:00:00,0.0012996113325550156,21876.3,23185.75490334024,TAKE PROFIT,1.643219274630111,0.05985723835110335,0.05856315722059728,31
BTCUSDT,2022-07-18 19:00:00,2022-07-20 00:00:00,0.0012629585138068655,21835.17,23185.75490334024,TAKE PROFIT,1.6488731418864468,0.06185364727365261,0.05685956040613309,30
BTCUSDT,2022-07-18 20:00:00,2022-07-20 00:00:00,0.0013183045620197241,21617.92,23185.75490334024,TAKE PROFIT,2.007819016546871,0.07252478052191158,0.05906488902032206,29
BTCUSDT,2022-07-18 22:00:00,2022-07-20 00:00:00,0.0012761786218753323,21660.9,23185.75490334024,TAKE PROFIT,1.8887548868543242,0.07039665495617631,0.05723234225026336,27
BTCUSDT,2022-07-19 04:00:00,2022-07-20 00:00:00,0.001223174070888527,21903.55,23185.75490334024,TAKE PROFIT,1.513207722699759,0.05853867995554318,0.055152068632152704,21
BTCUSDT,2022-07-20 01:00:00,2022-07-20 16:00:00,0.0013206616935975512,23034.49,23773.634281387946,TAKE PROFIT,0.9143418417831645,0.032088588954561015,0.06181769668758247,16
BTCUSDT,2022-07-20 06:00:00,2022-07-20 20:00:00,0.0011459465454981123,23498.44,22957.54994764075,STOP LOSS,-0.6730671681935687,-0.02301812598450148,0.053236081198193945,15
BTCUSDT,2022-07-20 17:00:00,2022-07-20 20:00:00,0.0011424282624915385,23686.63,23131.522469468156,STOP LOSS,-0.6876569121802223,-0.023435479446921925,0.053486380578758444,4
BTCUSDT,2022-07-20 03:00:00,2022-07-21 02:00:00,0.001262538659267092,23371.35,22785.155248669194,STOP LOSS,-0.7983679076677092,-0.025081766835497454,0.0582743722531093,24
BTCUSDT,2022-07-20 04:00:00,2022-07-21 02:00:00,0.001221141670749661,23438.01,22866.350945192822,STOP LOSS,-0.7546208779740153,-0.024390255606477562,0.05654418468760811,23
BTCUSDT,2022-07-20 05:00:00,2022-07-21 02:00:00,0.0011866929867767255,23394.12,22840.123020536194,STOP LOSS,-0.7122901821665886,-0.02368103521157472,0.05486585194140107,22
BTCUSDT,2022-07-21 02:00:00,2022-07-21 04:00:00,0.0011977518928711834,23233.61,22657.30309198455,STOP LOSS,-0.7452386179717547,-0.024804879999941853,0.05496592802151147,3
BTCUSDT,2022-07-21 06:00:00,2022-07-21 14:00:00,0.0012827821916806435,22943.15,22390.8713167735,STOP LOSS,-0.7666069349102186,-0.024071615415777736,0.058153675222427724,9
BTCUSDT,2022-07-21 08:00:00,2022-07-21 14:00:00,0.0012076251623670859,22929.28,22396.517742524087,STOP LOSS,-0.6981136815456364,-0.023235019044466787,0.05473657385823334,7
BTCUSDT,2022-07-21 09:00:00,2022-07-21 14:00:00,0.00117394621822795,22878.77,22365.386118058083,STOP LOSS,-0.6557992726766082,-0.022439313037454278,0.05311420597170925,6
BTCUSDT,2022-07-21 15:00:00,2022-07-22 15:00:00,0.0012640116560333405,22555.31,23347.82549925132,TAKE PROFIT,0.9437267303212188,0.03513653766014824,0.05802209831953148,25
BTCUSDT,2022-07-21 16:00:00,2022-07-22 15:00:00,0.0012215010487411815,22639.37,23347.82549925132,TAKE PROFIT,0.8092057277909461,0.03129307481839483,0.05617340753100123,24
BTCUSDT,2022-07-21 17:00:00,2022-07-22 20:00:00,0.0011646584904557375,23031.27,22527.204033939506,STOP LOSS,-0.640124770717963,-0.02188615591152787,0.0530600635958349,28
BTCUSDT,2022-07-21 07:00:00,2022-07-23 11:00:00,0.0012526090952964843,22790.23,22254.10372271825,STOP LOSS,-0.7279795932632118,-0.023524390814912755,0.05642294211264702,53
BTCUSDT,2022-07-21 03:00:00,2022-07-23 12:00:00,0.0013001790443301,22692.06,22087.372513985658,STOP LOSS,-0.8444232774561778,-0.026647536011025097,0.05822127977167808,58
BTCUSDT,2023-03-15 09:00:00,2023-03-15 16:00:00,0.0012215723934303794,24754.7,24226.869891248312,STOP LOSS,-0.7046172228384471,-0.021322419934464487,0.059834533566029614,8
BTCUSDT,2023-03-15 10:00:00,2023-03-15 17:00:00,0.0011964818531990278,24514.84,23990.125256159146,STOP LOSS,-0.6858469798306016,-0.021403963633491174,0.05803531071904375,8
BTCUSDT,2023-03-15 11:00:00,2023-03-15 17:00:00,0.001159376748654404,24539.68,24024.344523576354,STOP LOSS,-0.6537719699760323,-0.02100008950498322,0.0563040008537167,7
BTCUSDT,2023-03-22 23:00:00,2023-03-23 17:00:00,0.0011091223204824714,27209.2,28199.951678636327,TAKE PROFIT,1.037409273945252,0.03641237811609033,0.06145552688577435,19
BTCUSDT,2023-03-23 02:00:00,2023-03-23 17:00:00,0.0010781250337932038,27150.91,28199.951678636327,TAKE PROFIT,1.071322945612507,0.03863744083112963,0.05967514961776274,16
BTCUSDT,2023-04-27 09:00:00,2023-05-01 05:00:00,0.0010444187155589952,28955.43,28314.759029271532,STOP LOSS,-0.7289428096099339,-0.022126107977967102,0.05981405726577263,93
BTCUSDT,2024-01-10 20:00:00,2024-01-10 20:00:00,0.0006500376695048913,46489.19,45534.1315688751,STOP LOSS,-0.6806425823021611,-0.020543666842225083,0.05981862549273077,1
BTCUSDT,2024-01-10 21:00:00,2024-01-11 15:00:00,0.0006546991013354659,46127.0,47799.813852404935,TAKE PROFIT,1.0336959252505566,0.036265394506578286,0.0614938006204731,19
BTCUSDT,2024-02-29 17:00:00,2024-02-29 17:00:00,0.00048623706672088006,62171.97,60764.14590992073,STOP LOSS,-0.7443123524132359,-0.022644032191344032,0.05977609639409797,1
BTCUSDT,2024-03-05 16:00:00,2024-03-05 16:00:00,0.0004523978903837125,66773.05,65190.45249498387,STOP LOSS,-0.7756637827322033,-0.023701141478727372,0.059700010136376484,1
BTCUSDT,2024-03-05 21:00:00,2024-03-06 12:00:00,0.00048774457813946916,61886.32,65797.07038304293,TAKE PROFIT,1.8451704144082455,0.06319248556131507,0.06227688137779443,16
BTCUSDT,2024-03-06 01:00:00,2024-03-06 12:00:00,0.0004477284432464638,63429.17,65797.07038304293,TAKE PROFIT,1.0023180888292225,0.037331410501555196,0.05785826343329312,12
BTCUSDT,2024-03-05 22:00:00,2024-03-08 00:00:00,0.0004627934298459467,63264.23,66818.6738169993,TAKE PROFIT,1.5847717320420354,0.05618409987759754,0.0602015132217895,51
BTCUSDT,2024-03-06 07:00:00,2024-03-10 09:00:00,0.0004190353693538246,65737.22,69207.2343802596,TAKE PROFIT,1.3975122582116815,0.052786144291766535,0.05654649928348242,99
BTCUSDT,2024-03-06 10:00:00,2024-03-10 09:00:00,0.0004040978017819973,66120.15,69207.2343802596,TAKE PROFIT,1.192798513429476,0.046689010540048814,0.0546854985489703,96
BTCUSDT,2024-11-15 01:00:00,2024-11-16 12:00:00,0.00034591219112372956,87870.26,90892.10311538003,TAKE PROFIT,0.9834562925575676,0.03438982785961975,0.06183608071569688,36
BTCUSDT,2024-11-15 02:00:00,2024-11-16 12:00:00,0.00033465333126123597,88098.99,90892.10311538003,TAKE PROFIT,0.8748246430742217,0.031704258078100844,0.059899965577152006,35
BTCUSDT,2024-11-15 03:00:00,2024-11-16 12:00:00,0.00032362992550148803,88364.07,90892.10311538003,TAKE PROFIT,0.7601345068447188,0.0286092878630424,0.05801266195101228,34
BTCUSDT,2024-12-06 03:00:00,2024-12-09 21:00:00,0.00031226585409314093,97589.75,95067.32043254498,STOP LOSS,-0.8478288479168359,-0.025847279734347306,0.06016022464570107,91
BTCUSDT,2024-12-06 04:00:00,2024-12-09 21:00:00,0.0003024374718390101,97735.29,95332.40504450604,STOP LOSS,-0.7851133566426284,-0.024585643072159047,0.05839090558304538,90
BTCUSDT,2025-01-20 03:00:00,2025-01-20 12:00:00,0.00029849882472585473,101926.56,106372.69568121081,TAKE PROFIT,1.2649891924010035,0.043620972602340435,0.06217708301211175,10
BTCUSDT,2025-01-20 10:00:00,2025-01-20 12:00:00,0.00027291905469791595,108132.05,105515.72285145946,STOP LOSS,-0.772354080365114,-0.024195667690944056,0.05830854820493539,3
BTCUSDT,2025-01-20 12:00:00,2025-01-20 12:00:00,0.0002565194888533352,108239.19,105805.04710151351,STOP LOSS,-0.6793116104090126,-0.02248855427028318,0.05490651829328233,1
BTCUSDT,2025-01-20 11:00:00,2025-01-20 15:00:00,0.00026513397195881034,107964.56,105431.96264778379,STOP LOSS,-0.7280562630172549,-0.02345767307546298,0.05657866765180514,5
BTCUSDT,2025-01-21 02:00:00,2025-01-22 01:00:00,0.00029948814265537047,101498.23,105492.00432323704,TAKE PROFIT,1.1340969334257043,0.0393482164490655,0.06199112082526617,24
BTCUSDT,2025-01-21 15:00:00,2025-01-22 01:00:00,0.0002686439732719317,103260.9,105492.00432323704,TAKE PROFIT,0.5432925205291336,0.021606477604175778,0.056080209649449805,11
BTCUSDT,2025-01-21 13:00:00,2025-01-23 02:00:00,0.00028209610228064345,104519.98,102392.69346851205,STOP LOSS,-0.6584684976647934,-0.0203529175138375,0.05836925869793475,38
BTCUSDT,2025-01-21 14:00:00,2025-01-23 02:00:00,0.00027378952253909666,104457.08,102390.58429218976,STOP LOSS,-0.6224175964153457,-0.01978320385569121,0.05663272324488599,37
BTCUSDT,2025-01-21 16:00:00,2025-01-23 04:00:00,0.0002588666507793623,103942.99,101790.46028255139,STOP LOSS,-0.6104756878868975,-0.020708753110225353,0.05325752922792654,37
BTCUSDT,2025-01-23 20:00:00,2025-01-27 00:00:00,0.0002928696402831764,103770.05,101730.13657637825,STOP LOSS,-0.6576134763056743,-0.019658017160266827,0.06018476572074953,77
BTCUSDT,2025-01-23 23:00:00,2025-01-27 00:00:00,0.0002749907590383823,103978.82,101683.74396986263,STOP LOSS,-0.687680004150128,-0.02207253390774566,0.05655530457185238,74
BTCUSDT,2025-01-23 21:00:00,2025-01-27 02:00:00,0.00028541158080791734,103284.01,100976.03717806551,STOP LOSS,-0.7170203545310223,-0.022345887053905833,0.05829818296099145,78
